row_id,obs_raw,cf,obs_effect,cf_alt,obs_effect_alt,sigma_cf,sigma_n,obs_check,event_id,indicator,label_az,year,series,kind,cf_rule,obs_source,obs_note_az,in_sample,naive,naive_rule
E1.w,16.617701065001846,4.394327267330778,12.22337379767107,pre1,13.5713434491078,3.8329046614117,10,,E1,wage_growth,Orta aylıq nominal əmək haqqının artımı,2019,panel:wage_ssc_total,growth,pre2,DSK cədvəl 4.5–4.8 (MikroUnit fr345 paneli),büdcə maaşları və vergi islahatı ilə qarışıq (formallaşma — bəyan edilən maaşın artımı),bəli,-1.3479696514367312,prev
E1.did,10.864175645526707,-1.1726813589807912,12.036857004507498,zero,10.864175645526707,5.868363085463085,5,,E1,did_wage,Dövlət − qeyri-dövlət sektoru maaş artımı fərqi (DiD),2019,did:wage_ssc_total_state-wage_ssc_total_nonstate,did,flat10,DSK cədvəl 4.5–4.8,nəzarət qrupu: qeyri-dövlət sektoru; dövlət sektorunda əlavə büdcə maaşı artımları var,bəli,14.169609742483239,prev
E1.infl,2.6,2.3,0.30000000000000027,pre2,-5.0,5.04084,10,,E1,infl,İQİ inflyasiyası (illik orta),2019,macro:cpi_infl,rate,pre1,DSK (Macro_OxLon macro_annual.csv),2017-dən sonra devalvasiya ötürülməsi bitib — əks-faktual: 2018-ci ilin inflyasiyası,bəli,-10.600000000000001,prev_d
E1.emp,9.446693657219974,3.4553465869059496,5.991347070314024,pre1,6.259319372831907,4.497538534536358,10,,E1,emp_nonstate_growth,Qeyri-dövlət sektorunda muzdlu işçilərin artımı,2019,panel:emp_ssc_total_nonstate,growth,pre2,DSK cədvəl 2.12,vergi islahatı ilə formallaşma (E2) — MikroUnit-də bu kanal yoxdur,bəli,-0.2679723025178826,prev
E1.rw,13.662476671541746,-2.805141836847486,16.467618508389233,pre1,12.932899334401917,6.491467319475552,10,,E1,rwage_growth,Real orta əmək haqqının artımı,2019,derived:rwage,growth,pre2,DSK 4.5–4.8 / İQİ,nominal maaş / İQİ (illik orta),bəli,3.5347191739873165,prev
E1.gdp,3.95516822308318,2.41772601263495,1.53744221044823,pre1,1.9568039862433335,9.307378357084948,4,,E1,gdp_nonoil_growth,Real qeyri-neft ÜDM artımı,2019,macro:nonoil_realg,rate,pre2,DSK milli hesablar (macro_annual.csv),"ilkin dərc: fərqli ola bilər (vintaj yoxdur, yenidən işlənmiş dəyər)",bəli,-0.4193617757951036,prev
E1.pov,4.8,5.1,-0.2999999999999998,trend2,8.881784197001252e-16,1.26021,10,,E1,poverty,Yoxsulluq səviyyəsi (rəsmi xətt),2019,pov:rate,level_pp,pre1,DSK yoxsulluq cədvəli (poverty_line_rate.csv),əhalinin ehtiyac meyarı xətti üzrə; mikrosimulyasiya 2018 sintetik bazası ilə,bəli,-0.3000000000000007,prev_d
E3.did22,13.636273830840805,-2.3986341967298808,16.034908027570687,zero,13.636273830840805,4.094222357643707,5,,E3,did_wage,Dövlət − qeyri-dövlət sektoru maaş artımı fərqi (DiD),2022,did:wage_ssc_total_state-wage_ssc_total_nonstate,did,flat10,DSK cədvəl 4.5–4.8,2022-də büdcə təşkilatlarında əlavə maaş artımları — qarışıq,bəli,3.3150465415050334,prev
E3.did23,4.9505589167195385,-2.3986341967298808,7.349193113449419,zero,4.9505589167195385,4.094222357643707,5,,E3,did_wage,Dövlət − qeyri-dövlət sektoru maaş artımı fərqi (DiD),2023,did:wage_ssc_total_state-wage_ssc_total_nonstate,did,flat10,DSK cədvəl 4.5–4.8,,bəli,16.034908027570687,prev
E3.did24,-0.10104630825258454,-2.3986341967298808,2.2975878884772962,zero,-0.10104630825258454,4.094222357643707,5,,E3,did_wage,Dövlət − qeyri-dövlət sektoru maaş artımı fərqi (DiD) — plasebo,2024,did:wage_ssc_total_state-wage_ssc_total_nonstate,did,flat10,DSK cədvəl 4.5–4.8,"plasebo: minimum əmək haqqı dəyişməyib, gözlənilən təsir ≈ 0",bəli,7.349193113449419,prev
E3.w22,14.738423712607563,7.439529638515097,7.298894074092466,pre1,11.29063510161421,3.8329046614117,10,,E3,wage_growth,Orta aylıq nominal əmək haqqının artımı,2022,panel:wage_ssc_total,growth,pre2,DSK cədvəl 4.5–4.8,"qlobal inflyasiya şoku (İQİ 13,9 %) ilə qarışıq",bəli,-3.991741027521745,prev
E3.w23,11.178571428571416,7.439529638515097,3.7390417900563193,pre1,7.730782817578064,5.709677683402052,9,,E3,wage_growth,Orta aylıq nominal əmək haqqının artımı,2023,panel:wage_ssc_total,growth,pre2,DSK cədvəl 4.5–4.8,,bəli,7.298894074092466,prev
E3.w24,8.084377342327876,7.439529638515097,0.6448477038127791,pre1,4.636588731334524,4.702156701929075,8,,E3,wage_growth,Orta aylıq nominal əmək haqqının artımı — plasebo,2024,panel:wage_ssc_total,growth,pre2,DSK cədvəl 4.5–4.8,plasebo ili,bəli,3.7390417900563193,prev
E3.infl22,13.9,4.73,9.17,pre1,7.2,6.464136000000002,10,,E3,infl,İQİ inflyasiyası (illik orta),2022,macro:cpi_infl,rate,pre2,DSK (macro_annual.csv),qlobal ərzaq/enerji şoku — siyasət təsirini ayırmaq mümkün deyil (yalnız informativ),bəli,1.9699999999999998,prev
E3.w25,9.262928472359832,7.439529638515097,1.8233988338447347,pre1,5.81513986136648,4.368626534611925,7,,E3,wage_growth,Orta aylıq nominal əmək haqqının artımı,2025,fr1raw:wage_avg,growth,pre2,DSK (MikroUnit FR1_annual_raw.csv),2025 — ilkin illik məlumat,xeyr,0.6448477038127791,prev
E3.did25,3.027266374266291,-2.3986341967298808,5.425900570996172,zero,3.027266374266291,4.094222357643707,5,,E3,did_wage,Dövlət − qeyri-dövlət sektoru maaş artımı fərqi (DiD),2025,did:fr1raw/wage_state-fr1raw/wage_priv,did,flat10,DSK (MikroUnit FR1_annual_raw.csv),2025 — ilkin illik məlumat,xeyr,2.2975878884772962,prev
E3.ms500,25.82,37.83,-12.009999999999998,,,,0,,E3,wage_share_500,"Muzdlu işçilərin payı, maaşı < 500 AZN (noyabr 2025)",2025,ms:V_microsim_2025_minwage.csv|yalnız minimum əmək haqqı|işçilərin payı < 500 AZN,ms_file,file,DSK maaş qrupları (mikrosimulyasiya agentinin V_microsim_2025_minwage.csv),əks-faktual: 2024 paylanmasının siyasətsiz yenilənməsi (naive),xeyr,0.0,zero
E3.ms600,40.92,47.82,-6.899999999999999,,,,0,,E3,wage_share_600,"Muzdlu işçilərin payı, maaşı < 600 AZN (noyabr 2025)",2025,ms:V_microsim_2025_minwage.csv|yalnız minimum əmək haqqı|işçilərin payı < 600 AZN,ms_file,file,DSK maaş qrupları (V_microsim_2025_minwage.csv),,xeyr,0.0,zero
E5.i15,4.0,1.9,2.1,pre1,2.6,7.857779999999999,10,,E5,infl,İQİ inflyasiyası (illik orta),2015,macro:cpi_infl,rate,pre2,DSK (macro_annual.csv),neft qiymətinin çöküşü ilə eyni vaxtda (əks-faktual: 2013–2014 ortası),bəli,-0.5,prev
E5.i16,12.4,1.9,10.5,pre1,11.0,6.52344,9,,E5,infl,İQİ inflyasiyası (illik orta),2016,macro:cpi_infl,rate,pre2,DSK (macro_annual.csv),,bəli,2.1,prev
E5.i17,12.9,1.9,11.0,pre1,11.5,12.97275,8,,E5,infl,İQİ inflyasiyası (illik orta),2017,macro:cpi_infl,rate,pre2,DSK (macro_annual.csv),,bəli,10.5,prev
E5.cum,31.975584000000023,5.808985899999963,24.730033916713,pre1,26.584265935129036,22.133103407968424,8,,E5,cpi_cum,İQİ səviyyəsi — 2015–2017 kumulyativ artıq,2017,macro:cpi_infl,cumlevel,pre2,DSK (macro_annual.csv),IO qiymət modeli tam (dərhal) ötürmə fərz edir — yuxarı hədd,bəli,-1.4648202955699796,prev
E5.rw,-4.762921030587908,3.6604681850412435,-8.42338921562915,pre1,-7.882873778682442,4.735946184718441,6,,E5,rwage_growth,Real orta əmək haqqının artımı,2016,derived:rwage,growth,pre2,DSK 4.5–4.8 / İQİ,neft gəlirlərinin azalması ilə qarışıq,bəli,-2.661073878560316,prev
E7.cpi,4.900000000000006,2.1499576000000076,2.750042399999998,pre1,2.750042399999998,10.452329999999995,10,,E7,cpi_dec,Ümumi İQİ (dekabr/dekabr) — tam paket,2024,io_e7:cpi_total_pack,io_e7,file,DSK price_tarif 001_5 (IO agentinin V_io_e7_fuel_2024.csv),ərzaq inflyasiyasının sürətlənməsi siyasətlə bağlı deyil; MikroUnit və CAEM yalnız yanacaq şokunu görür,xeyr,1.0714581770262877,io_direct
E7.fuel,7.099999999999994,0.0,7.099999999999994,pre1,7.099999999999994,,0,,E7,fuel_item,İQİ: yanacaq məhsulları,2024,io_e7:fuel_item,io_e7,file,DSK price_tarif 001_5,tənzimlənən qiymət: əks-faktual 0,xeyr,7.75,shock
E7.bus,15.900000000000006,0.0,15.900000000000006,pre1,-2.474407899999985,,0,,E7,auto_passenger,İQİ: avtomobil sərnişin nəqliyyatı,2024,io_e7:auto_passenger,io_e7,file,DSK price_tarif 001_5,2023-də də +18 % (şəhərlərarası tariflər),xeyr,25.0,const
E7.otr,3.200000000000003,2.249237899999997,0.9507621000000056,pre1,0.9507621000000057,,0,,E7,other_transport,İQİ: digər nəqliyyat xidmətləri,2024,io_e7:other_transport,io_e7,file,DSK price_tarif 001_5,yalnız dolayı ötürmə,xeyr,0.0,zero
E7.nf,4.5,3.2563611000000066,1.2436388999999934,pre1,1.2436388999999934,,0,,E7,nonfood_group_pack,İQİ: qeyri-ərzaq mallar və xidmətlər,2024,io_e7:nonfood_group_pack,io_e7,file,DSK price_tarif 001_5,,xeyr,0.0,zero
