tol_set,event_id,n_primary_decisive,primary_mean_score,n_ok,n_part,n_fail,n_low_power,verdict_az,params
qatı,E1,6,0.5,2,2,5,3,keçmədi,rel_ok=0.15;cap_ok=0.2;sig_ok=1.0;rel_part=0.35;cap_part=0.5;sig_part=2.0;sigma=cf;naive_required=True;min_decisive=2
qatı,E3,9,1.2222222222222223,6,6,3,5,şərti keçdi,rel_ok=0.15;cap_ok=0.2;sig_ok=1.0;rel_part=0.35;cap_part=0.5;sig_part=2.0;sigma=cf;naive_required=True;min_decisive=2
qatı,E5,3,0.6666666666666666,0,2,2,2,keçmədi,rel_ok=0.15;cap_ok=0.2;sig_ok=1.0;rel_part=0.35;cap_part=0.5;sig_part=2.0;sigma=cf;naive_required=True;min_decisive=2
qatı,E7,1,1.0,0,1,3,3,şərti keçdi,rel_ok=0.15;cap_ok=0.2;sig_ok=1.0;rel_part=0.35;cap_part=0.5;sig_part=2.0;sigma=cf;naive_required=True;min_decisive=2
təklif,E1,6,0.5,3,1,5,3,keçmədi,rel_ok=0.25;cap_ok=0.35;sig_ok=1.0;rel_part=0.5;cap_part=0.75;sig_part=2.0;sigma=cf;naive_required=True;min_decisive=2
təklif,E3,9,1.4444444444444444,8,7,0,5,şərti keçdi,rel_ok=0.25;cap_ok=0.35;sig_ok=1.0;rel_part=0.5;cap_part=0.75;sig_part=2.0;sigma=cf;naive_required=True;min_decisive=2
təklif,E5,3,0.6666666666666666,0,3,1,2,keçmədi,rel_ok=0.25;cap_ok=0.35;sig_ok=1.0;rel_part=0.5;cap_part=0.75;sig_part=2.0;sigma=cf;naive_required=True;min_decisive=2
təklif,E7,1,1.0,0,3,1,3,şərti keçdi,rel_ok=0.25;cap_ok=0.35;sig_ok=1.0;rel_part=0.5;cap_part=0.75;sig_part=2.0;sigma=cf;naive_required=True;min_decisive=2
"yumşaq (v1: σ_model+σ_əf, limitsiz)",E1,6,1.0,3,5,1,3,şərti keçdi,rel_ok=0.3;cap_ok=1000000000.0;sig_ok=1.0;rel_part=0.6;cap_part=1000000000.0;sig_part=2.0;sigma=total;naive_required=False;min_decisive=1
"yumşaq (v1: σ_model+σ_əf, limitsiz)",E3,9,1.8888888888888888,12,3,0,5,keçdi,rel_ok=0.3;cap_ok=1000000000.0;sig_ok=1.0;rel_part=0.6;cap_part=1000000000.0;sig_part=2.0;sigma=total;naive_required=False;min_decisive=1
"yumşaq (v1: σ_model+σ_əf, limitsiz)",E5,3,1.6666666666666667,2,2,0,2,keçdi,rel_ok=0.3;cap_ok=1000000000.0;sig_ok=1.0;rel_part=0.6;cap_part=1000000000.0;sig_part=2.0;sigma=total;naive_required=False;min_decisive=1
"yumşaq (v1: σ_model+σ_əf, limitsiz)",E7,1,2.0,1,2,1,3,keçdi,rel_ok=0.3;cap_ok=1000000000.0;sig_ok=1.0;rel_part=0.6;cap_part=1000000000.0;sig_part=2.0;sigma=total;naive_required=False;min_decisive=1
