,,agr,mining,manuf,elec,water,constr,trade,transp,hotel,ict,fin,realest,prof,admsup,pubadm,educ,health,art,othsvc,total
Baseline,2025,,,,,,,,,,,,,,,,,,,,
Baseline,2026,0.6290558360580123,0.5174251485978276,0.6820151789497464,0.5170391080924874,0.7249123963246396,0.7483557598861434,0.7181504073999534,0.6326777897776026,0.8831022725923621,0.6886482095776802,1.1552914658030877,1.1552914658030877,1.1552914658030877,1.15529146580311,0.5339000208355094,0.5339000208355094,0.5339000208355094,0.5339000208355094,0.8659142937247344,0.6961442921587402
Baseline,2027,-0.4443090687163087,-2.1114297510647972,0.3450269081850976,-2.1171246881063532,0.9946475255806941,1.3587341792336227,0.8993633126200606,-0.39001237334574945,3.4318891200664225,0.45256394808705913,2.2271863721134766,2.2271863721134766,2.227186372113499,2.2271863721134766,-0.1511563253996151,-0.1511563253996151,-0.1511563253996151,-0.1511563253996262,1.934742806648715,0.5685234361740621
Baseline,2028,-0.28375779928160316,-1.657700622590652,0.35048114227085314,-1.6623670151955983,0.8800304675566251,1.186748793054937,0.8125612614030109,-0.2394037756959344,2.8716043815628867,0.44831257538735514,2.1457481907801057,2.1457481907801057,2.1457481907801057,2.1457481907800835,-0.1450642699596827,-0.1450642699596938,-0.1450642699596716,-0.1450642699596827,1.8535375973157686,0.5465346893264611
Baseline,2029,-0.2609340219380085,-1.595050727426861,0.3423193974318339,-1.5995542017412157,0.8529653823418304,1.157282771840662,0.7964708690851863,-0.21814637036747797,2.781327232771602,0.4451968367536141,2.1163659548437908,2.116365954843813,2.1163659548437908,2.1163659548437908,-0.1526460910868943,-0.1526460910868832,-0.1526460910869054,-0.1526460910868943,1.8242394157895303,0.5430795870266403
Baseline,2030,-0.26462383402133804,-1.6079065784807667,0.33080125285276374,-1.6124131264059316,0.8418049199184541,1.1547020044988532,0.7936064031185408,-0.22180296148911482,2.780036331140634,0.4420571814487184,2.0987418913908984,2.098741891390876,2.098741891390876,2.0987418913908984,-0.16396208797150313,-0.16396208797150313,-0.16396208797150313,-0.16396208797150313,1.8066657698834199,0.5431558651567414
Adverse,2025,,,,,,,,,,,,,,,,,,,,
Adverse,2026,0.679512870155774,0.6630064105110911,0.6873439437605544,0.6629492877167298,0.6936814819299641,0.697140174245825,0.69267882847035,0.6800482983791989,0.717028427491817,0.6883202380999709,1.1229381496915103,1.1229381496915325,1.122938149691488,1.1229381496915325,0.5439124198693746,0.5439124198693746,0.5439124198693968,0.5439124198693968,0.8336535314577231,0.6894264582418375
Adverse,2027,-0.10055420935750625,-1.130827263052414,0.3880118118368081,-1.134365401420967,0.7872739332654755,1.008496712362117,0.7266638044076679,-0.06704401697186224,2.2743511273267236,0.4520695935437802,2.1305227934822035,2.130522793482159,2.1305227934822257,2.1305227934822035,-0.1237802180692249,-0.123780218069236,-0.12378021806925821,-0.1237802180692471,1.8383557556475916,0.522630564573201
Adverse,2028,-0.21283808814833716,-1.4536615071084502,0.36641713022318445,-1.457894877848942,0.8457873014045214,1.1184682477357155,0.7798766370170851,-0.1726556239982746,2.6415844884596806,0.4501641013145985,2.1479726846015845,2.1479726846016067,2.1479726846016067,2.1479726846015845,-0.1436637035334032,-0.14366370353339208,-0.14366370353339208,-0.14366370353339208,1.8557557274787584,0.5373277682002575
Adverse,2029,-0.27553073184918286,-1.6351701834651178,0.3473917088131273,-1.639777645443219,0.870099784320999,1.1760550564445138,0.8067080242202262,-0.23174340051614895,2.8388987386422038,0.44715434119648734,2.132481609327974,2.132481609327974,2.132481609327952,2.132481609327952,-0.15462864665950482,-0.15462864665950482,-0.15462864665949372,-0.15462864665950482,1.8403089678656448,0.5452845191011413
Adverse,2030,-0.2531609332499962,-1.5736584046783242,0.3396154834408138,-1.5781064129282263,0.843832806309619,1.1472688140348852,0.7910056284810896,-0.2109062844281917,2.75064280370112,0.44414471776945685,2.103606589609641,2.103606589609597,2.103606589609619,2.103606589609619,-0.16221105449913953,-0.16221105449916173,-0.16221105449916173,-0.16221105449915063,1.8115165515527165,0.5419042589478451
Reform,2025,,,,,,,,,,,,,,,,,,,,
Reform,2026,0.6212898785104004,0.4950293245432835,0.681189681125316,0.4945927385254789,0.7297153496156117,0.7562402979014893,0.7220704391240895,0.6253866735322244,0.908688895830223,0.6886973230339377,1.1602421768380777,1.1602421768381,1.1602421768380777,1.1602421768381,0.5323673319723055,0.5323673319723055,0.5323673319723277,0.5323673319723055,0.8708508421515493,0.6971784057682173
Reform,2027,-0.4456951401349607,-2.115409167008253,0.34469420592389,-2.1211124512594326,0.9952944739098246,1.3600637061694343,0.8999963437650749,-0.39131738250782755,3.436400825921493,0.45252257125771855,2.2006101604703066,2.2006101604703066,2.2006101604703066,2.2006101604702843,-0.14180437485256103,-0.14180437485256103,-0.14180437485257213,-0.14180437485254993,1.9082426221600057,0.5687031043053237
Reform,2028,-0.28018217844013593,-1.6475216734217146,0.3508464358237262,-1.652165495312874,0.877774862144598,1.1830595765074614,0.8107306926089297,-0.2360457285710993,2.8594623250733475,0.44828472934030916,2.121278949403771,2.121278949403793,2.121278949403793,2.121278949403793,-0.13611906374045857,-0.13611906374045857,-0.13611906374045857,-0.13611906374045857,1.8291383556376495,0.5460542736878127
Reform,2029,-0.3191309266545761,-1.7614663290695942,0.33294353720902947,-1.7663309335195998,0.8855367630724365,1.2154046360979054,0.8248314335336904,-0.2728599850709279,2.9748166772612716,0.4446929730439697,2.123344155553464,2.123344155553464,2.1233441555534416,2.123344155553464,-0.15445203203013902,-0.15445203203017233,-0.15445203203015012,-0.15445203203016122,1.8311976538065933,0.5507728403449486
Reform,2030,-0.31565611991498654,-1.7541834118456556,0.3208404375468099,-1.7590034612666727,0.8682517992287364,1.2046570381938793,0.8177240699723809,-0.26981088424877786,2.94750079950461,0.4411153005775992,2.1064908990809705,2.1064908990809483,2.1064908990809705,2.1064908990809483,-0.16691406923456942,-0.16691406923455832,-0.16691406923455832,-0.16691406923455832,1.8143926098163732,0.5498357886316585
