,2005,2006,2007,2008,2009,2010,2011,2012,2013,2014,2015,2016,2017,2018,2019,2020,2021,2022,2023,2024,2025
"Agriculture, forestry & fishing",2426.5831,2448.4224,2546.3593,2701.6872,2796.2462,2734.7288,2893.3431,3084.3037,3235.4346,3151.3133,3359.3,3446.6418,3591.4008,3756.6052,4030.8374,4107.4233,4242.9682,4387.2292,4518.846,4582.1099,4623.3489
Mining & quarrying,5952.1528,9880.5736,13684.5945,14601.4623,16820.8846,17056.377,15316.6265,14535.4786,14637.2269,14242.0218,14370.2,14470.7914,13805.135,13860.3555,13943.5177,13009.302,13074.3485,12760.5641,12364.9866,12439.1766,12128.1971
Manufacturing,1772.456,1931.977,2129.0387,2280.2004,1992.8952,2128.412,2273.144,2379.9818,2429.9614,2519.87,2713.9,2681.3332,2651.8385,2821.5562,3114.998,3414.0379,4079.7752,4198.0887,4575.9167,4667.435,5036.1624
"Electricity, gas & steam",534.1781,576.9124,533.067,574.1132,512.109,543.8597,604.2281,674.3186,695.8968,737.6506,734.7,731.0265,712.0198,761.8612,788.5263,792.469,851.1117,877.4961,886.2711,874.7496,877.3738
Water supply & waste,,,,,69.1805,67.8661,76.01,76.9981,85.9299,91.945,93.6,92.9448,91.8295,95.2272,100.9408,96.3984,109.5086,119.0359,137.9626,143.895,147.4924
Construction,2051.1463,2250.1074,2628.1255,3574.2507,3281.1621,4016.1424,4819.3709,5686.8577,6898.1584,7505.1963,6499.5,5030.613,5040.6742,4597.0949,4468.3762,4124.3113,4058.3223,4594.0208,5264.7479,5885.9881,5862.4442
Trade & vehicle repair,1762.7905,2080.0928,2398.347,2770.0908,3016.6289,3327.3416,3666.7305,4018.7366,4416.5915,4858.2507,5387.8,5468.617,5605.3324,5773.4924,5981.3381,5903.5807,6192.8562,6391.0276,6614.7135,6872.6874,7099.4861
Tourism & catering,179.205,229.92,312.0015,420.89,492.8622,576.6487,706.9713,839.882,974.2631,1151.5789,1312.8,1340.3688,1432.8542,1541.7512,1640.4232,674.214,903.4467,1357.8804,1649.8247,1879.1503,2038.8781
Transport & storage,1455.3673,1937.0938,2200.5386,2495.4108,2724.9885,2844.888,2822.1289,2963.2354,3149.9192,3297.9654,3241.9,3219.2067,3492.8393,3761.7879,3810.6911,3997.415,4652.9911,5806.9328,5400.4475,6102.5057,6383.221
Information & communication,198.0874,245.6284,324.2295,415.6622,470.5297,616.8644,689.6544,799.3094,884.8355,1018.4457,1087.7,1138.8219,1213.9841,1332.9546,1562.2228,1574.7206,1675.5027,1933.5301,2260.2967,2549.6147,2771.4311
Social & other services,6039.1193,6437.7011,6753.1485,7455.4759,8230.8454,8395.4623,8876.0294,9346.4589,10019.404,10540.413,10719.6,10408.7316,10471.184,10638.7229,10979.1621,10726.6413,11262.9734,11724.7553,12135.1218,12669.0671,12821.0959
Net taxes on products,2281.4569,2530.1357,2810.9808,3249.4938,3307.9846,3559.3915,3854.821,4120.8036,4471.0719,4690.1544,4859.0,4645.204,4761.3341,4837.5154,4987.4784,4827.8791,5243.0767,5652.0367,6042.0272,6374.3387,6584.6919
GDP at market prices,22612.1977,30413.4059,38016.7573,42122.5671,46039.9659,48341.9642,48390.3061,49454.8929,52323.2766,53788.3284,54380.0,52694.22,52799.6084,53591.6026,54931.3926,52624.2741,55571.2335,58183.0815,58997.6446,61475.5457,62336.2033
Non-oil GDP,16425.6448,18380.2965,20475.6504,23731.2788,24609.3361,26553.4736,29049.5001,31867.3017,35054.0318,37507.814,37920.4,36213.982,37227.9735,37972.533,39491.4343,38346.1827,41068.7617,44806.019,46822.2898,49865.7387,51212.1136
Oil and gas GDP,6955.6406,11351.6055,15528.9963,16584.968,18906.8636,19247.1871,17457.1987,16584.3388,16750.1822,16264.4269,16459.6,16459.6,15636.62,15730.4397,15793.3615,14798.3797,15094.3473,14732.083,14437.4413,14437.4413,14206.4422
Industry (total),7738.8872,12188.7474,16454.809,17557.2812,19734.3841,20148.8061,18496.604,17775.2365,17935.2136,17630.315,17912.4,17966.1372,17211.5594,17435.3097,17731.71,16933.783,17661.9357,17414.6686,17118.6192,17255.5682,17117.5236
Non-oil industry,1429.2444,1590.749,1735.5072,1825.7535,1577.4511,1668.9432,1889.2437,2097.0605,2118.0311,2300.1818,2530.2,2583.3342,2699.5842,2885.8556,3281.2178,3642.1517,4294.0969,4534.5663,4824.7785,5075.667,5354.8287
Goods production,12052.3939,17295.1853,22483.7408,24552.245,26933.8128,27984.2315,27004.7834,26869.7594,28052.0289,28080.0809,27771.2,26465.9536,25830.7707,25804.9399,26217.819,25090.4528,25893.3473,26074.6007,26048.5261,26621.5937,26488.4857
Services production,8819.7179,10310.2502,11588.7212,13280.6745,14635.3034,15586.5981,16599.7269,17861.3062,19361.6559,20833.1418,21749.8,21575.8016,22266.2273,23112.3439,23990.613,22935.026,24723.958,27146.9059,27934.1662,29721.9528,30643.3333
Consumer market (total),10738.8923,12714.8485,15117.9548,18020.6022,19786.6212,21666.3502,23811.3189,26049.5828,28550.3428,31262.6253,34295.1,34603.7559,35365.0385,36461.3547,37773.9635,34714.2725,35998.7005,37582.6434,39649.6887,41592.5235,43630.5571
Retail trade turnover,8940.6396,10120.804,11628.8038,13431.2683,14599.7887,15884.5701,17504.7962,19185.2567,21084.5971,23193.0568,25721.1,26106.9165,26759.5894,27562.3771,28554.6227,28183.4126,29085.2818,29986.9255,31096.4418,32309.203,33536.9527
Catering turnover,152.5984,195.7837,265.6785,358.4003,419.6868,488.0957,598.4054,710.9056,824.6505,974.7368,1111.2,1112.3112,1150.1298,1228.3386,1310.6373,595.0293,733.0761,1004.3143,1156.9701,1309.6901,1469.4723
Paid services to households,1710.6142,2430.7828,3252.3874,4218.3464,4745.6397,5258.1688,5668.306,6121.7705,6623.7556,7100.666,7462.8,7380.7092,7469.2777,7693.356,7931.8501,5718.8639,5993.3694,6472.8389,7379.0364,8013.6335,8734.8605
Fixed investment (total),6229.9413,6734.5666,8068.0107,10633.6381,8677.0487,10516.5831,13387.6102,15864.3181,18259.8302,17949.413,15957.0282,12494.3531,12844.195,12291.8946,12967.9488,12021.2885,11480.3305,11859.1814,13661.777,13989.6597,13206.2387
State investment,586.3235,2095.8795,4091.6091,6366.7316,5109.3726,6370.9956,8289.3356,9700.0953,10891.3984,9298.1107,5816.2078,4158.9725,4697.2932,6010.4688,6162.9434,5953.8993,5244.1655,6210.2758,7622.109,8450.1833,7028.4614
Non-state investment,3027.8266,4638.6871,3976.4017,4266.9065,3567.6761,4145.5875,5098.2746,6164.2228,7368.4318,8651.3024,10140.8204,8335.3806,8146.9018,6281.4258,6805.0054,6067.3892,6236.165,5648.9056,6039.668,5539.4764,6177.763
Non-oil investment,1261.3521,3052.6491,4256.1693,7508.5959,6365.0061,7375.6308,10176.1932,11895.5005,13048.4797,11878.1145,8819.8914,5643.8671,6592.4799,8018.5946,8876.7861,7842.832,7511.3347,8234.1424,9618.6132,10286.271,9884.1051
Oil and gas investment,4968.5892,3681.9174,3811.8414,3125.0422,2312.0426,3140.9523,3211.417,3968.8176,5211.3504,6071.2986,7137.1368,6850.486,6251.715,4273.3,4091.1627,4178.4566,3968.9959,3625.0391,4043.1639,3703.3887,3322.1336
Employment,4062.3,4110.8,4162.2,4215.5,4271.7,4329.1,4375.2,4445.3,4521.2,4602.9,4671.6,4759.9,4822.1,4879.3,4785.6,4721.2,4831.1,4901.1,4963.3,5029.8,5105.2
Labour force,4380.1,4402.0,4443.3,4477.7,4531.9,4587.4,4626.1,4688.4,4757.8,4840.7,4915.3,5012.7,5073.8,5133.1,5037.7,5089.9,5141.6,5194.4,5249.7,5312.1,5384.3
Average monthly wage,241.8626,261.7287,316.9461,349.2305,376.63,388.294,403.9738,443.2385,456.9502,478.282,466.9,431.9793,423.3409,429.7905,489.4646,531.5952,491.0031,492.4556,536.244,552.5224,573.8613
Total wage bill,11790.2222,12910.9724,15830.3144,17666.1758,19306.2038,20171.5645,21209.5945,23643.9352,24791.5585,26417.8106,26174.0405,24674.1368,24496.7035,25164.9202,28108.583,30117.2058,28465.0201,28962.8894,31938.4764,33348.9237,35156.122
Unemployment rate,,,,,,5.6,5.4,5.2,5.0,4.9,5.0,5.0,5.0,4.9,5.0,7.2,6.0,5.6,5.5,5.3,5.2
Credit to the economy,,3833.1791,6275.8358,7546.9625,10872.5524,10431.5274,9152.0881,11060.8517,13869.902,16900.6389,21730.445,14340.5955,8826.0729,8712.2175,10261.1663,10535.5881,10207.4747,8765.7132,11489.7283,14230.5563,15426.2671
Household credit,,1262.2094,2221.4691,2450.3595,3011.7994,3074.5808,3079.9967,3899.6242,5588.9093,7047.1847,8383.6171,5109.1499,3457.8803,3559.502,4680.9348,4864.6981,5131.9783,4895.7919,6711.2045,8275.0174,9200.1596
Deposits,,3507.7793,5532.4172,6779.7384,8249.4991,8681.1514,8777.3752,9665.5846,11219.5159,14084.9651,23431.3894,19264.5938,15462.8658,14634.0483,16598.2542,17160.1598,17307.4193,15742.9332,17712.0342,19566.7618,20148.5847
Average lending rate,17.0283,17.8633,19.1308,19.7625,20.0292,20.7,18.9883,18.3458,18.21,17.8575,17.5342,16.3752,16.5425,17.4483,17.2808,17.1783,16.426,14.5898,13.9649,14.6711,15.3357
Non-oil goods exports,,,,,,1243.0347,1186.6388,1371.1839,1250.8847,1167.4977,2336.3633,1790.6989,1879.7742,1840.2044,2110.7057,2182.843,2582.0112,2170.4595,2661.2939,2677.0805,2848.0631
Non-oil goods imports,,,,,,5366.3513,6599.9483,6648.1153,7047.2529,5643.7396,11493.7292,10303.8735,9819.4921,10473.1588,10779.8449,10108.0799,8913.5792,8099.226,11035.7534,12140.6917,12452.585
Oil and gas exports,,,,,,22805.8216,24020.5307,21771.5995,21167.4531,19037.0757,21968.5262,18600.2656,17456.0414,21812.9868,20544.3762,13333.5807,19405.3624,28990.4902,21125.7049,18792.2192,16914.4539
Budget revenue (total),,,,,,12981.1237,14587.7977,15611.9285,17533.091,16771.2041,17498.0,15265.9507,12398.3874,15061.2858,16244.1476,17895.9844,15738.4553,13323.8814,16883.7106,18056.1845,18921.1001
Oil and gas revenue,,,,,,8936.063,10770.0532,11418.5744,12813.9958,11068.7249,10219.9,8044.7545,5918.185,8966.5947,9125.2051,10152.5164,8070.8125,6657.5009,8699.7381,8532.7771,9091.7488
Non-oil revenue,,,,,,4045.0607,3817.7445,4193.3542,4719.0952,5702.4792,7278.1,7221.1962,6480.2024,6094.6912,7118.9425,7743.468,7667.6428,6666.3604,8183.9752,9523.3887,9829.3454
Budget expenditure (total),,,,,,13394.2474,14306.0892,15733.9132,17215.8167,17052.2949,17784.5,15480.1458,13207.4462,15210.3235,16383.5282,19153.6925,16344.3577,13924.7891,17469.2892,18327.2381,18640.8397
Current expenditure,,,,,,7566.1179,6611.0438,8381.8571,8267.5669,9021.1553,9763.1,10201.6719,8186.7475,7640.6107,9074.4298,12077.4348,9890.5648,7704.2714,9503.4735,10592.3241,10679.3495
Capital expenditure,,,,,,5723.7386,7375.6147,7160.1762,8293.3769,7685.7917,7316.9,3735.7179,3884.5033,6073.8265,6286.3478,5824.6402,5142.7861,5442.9638,7399.2144,7105.4082,6947.5503
Public debt,,,,,,4828.2416,4270.9862,5338.1334,5190.8183,4711.8148,23999.4333,20793.5079,21703.3857,18764.7284,19236.612,20879.1766,10075.8693,6760.4451,12865.5348,13303.4797,18566.815
Consumer price index,,,,,,,,,,,,,,,,,,,,,
GDP deflator,,,,,,,,,,,,,,,,,,,,,
