id,module,group_az,label_az,label_en,unit_az,freq,kind,has_forecast,scenarios,has_band,source_csv,source_column,equation_ids,imputed_years
fr4:budget,FR4,Büdcə və qeyri-büdcə təşkilatları,Büdcə təşkilatlarında muzdlu işçilər,Budget organisations (hired employees),min nəfər,A,level,true,Baseline;Adverse;Reform,true,FR4_institutional_breakdown.csv,budget organisations,FR4.E6_hired;FR4.B_sigma,1999;2000;2001;2002;2003;2004;2005;2006;2007;2008;2009;2010;2011;2012;2013;2014;2015;2016;2017;2018;2019;2020;2021;2022;2023;2024
fr4:budget_share,FR4,Büdcə və qeyri-büdcə təşkilatları,Büdcə təşkilatlarının muzdlu işçilərdə payı,Budget share of hired employees,%,A,share,true,Baseline;Adverse;Reform,false,FR4_institutional_breakdown.csv,"budget share of hired, %",FR4.E6_hired;FR4.B_sigma,1999;2000;2001;2002;2003;2004;2005;2006;2007;2008;2009;2010;2011;2012;2013;2014;2015;2016;2017;2018;2019;2020;2021;2022;2023;2024
fr4:contracts:tax,FR4,Neft və qeyri-neft sektoru,Əmək müqavilələri (vergi uçotu əsası),"Employment contracts, tax-record basis",min nəfər,A,level,true,Baseline;Adverse;Reform,false,FR4_institutional_breakdown.csv,"employment contracts, tax-record basis",,
fr4:emp:admsup,FR4,19 fəaliyyət növü — məşğul əhali,İnzibati və yardımçı xidmətlər — məşğul əhali,Administrative and support service (employed population),min nəfər,A,level,true,Baseline;Adverse;Reform,false,FR4_employed_by_activity.csv,admsup,FR4.E4_pooled_emp;FR4.E4_combo;FR4.E6_emp,
fr4:emp:agr,FR4,19 fəaliyyət növü — məşğul əhali,"Kənd, meşə və balıqçılıq — məşğul əhali","Agriculture, forestry and fishing (employed population)",min nəfər,A,level,true,Baseline;Adverse;Reform,false,FR4_employed_by_activity.csv,agr,FR4.E4_pooled_emp;FR4.E4_combo,
fr4:emp:art,FR4,19 fəaliyyət növü — məşğul əhali,"İncəsənət, əyləncə — məşğul əhali","Art, entertainment and recreation (employed population)",min nəfər,A,level,true,Baseline;Adverse;Reform,false,FR4_employed_by_activity.csv,art,FR4.E4_pooled_emp;FR4.E4_combo;FR4.E6_emp,
fr4:emp:bloc:mkt,FR4,Digər xidmətlərin blokları — məşğul əhali,Bazar xidmətləri (5 fəaliyyət) — məşğul əhali,Market services (employed population),min nəfər,A,level,true,Baseline;Adverse;Reform,false,FR4_forecast_tidy.csv,value,FR4.E6_emp,
fr4:emp:bloc:pub,FR4,Digər xidmətlərin blokları — məşğul əhali,Büdcədən maliyyələşən xidmətlər (4 fəaliyyət) — məşğul əhali,Budget-financed services (employed population),min nəfər,A,level,true,Baseline;Adverse;Reform,false,FR4_forecast_tidy.csv,value,FR4.E6_emp,
fr4:emp:constr,FR4,19 fəaliyyət növü — məşğul əhali,Tikinti — məşğul əhali,Construction (employed population),min nəfər,A,level,true,Baseline;Adverse;Reform,false,FR4_employed_by_activity.csv,constr,FR4.E4_pooled_emp;FR4.E4_combo,
fr4:emp:educ,FR4,19 fəaliyyət növü — məşğul əhali,Təhsil — məşğul əhali,Education (employed population),min nəfər,A,level,true,Baseline;Adverse;Reform,false,FR4_employed_by_activity.csv,educ,FR4.E4_pooled_emp;FR4.E4_combo;FR4.E6_emp,
fr4:emp:elec,FR4,19 fəaliyyət növü — məşğul əhali,"Elektrik enerjisi, qaz — məşğul əhali","Electricity, gas and steam (employed population)",min nəfər,A,level,true,Baseline;Adverse;Reform,false,FR4_employed_by_activity.csv,elec,FR4.E4_pooled_emp;FR4.E4_combo;FR4.E5_pooled_emp;FR4.E5_combo,
fr4:emp:fin,FR4,19 fəaliyyət növü — məşğul əhali,Maliyyə və sığorta — məşğul əhali,Financial and insurance activities (employed population),min nəfər,A,level,true,Baseline;Adverse;Reform,false,FR4_employed_by_activity.csv,fin,FR4.E4_pooled_emp;FR4.E4_combo;FR4.E6_emp,
fr4:emp:grp:agr,FR4,8 fəaliyyət qrupu — məşğul əhali,"Kənd, meşə və balıqçılıq (qrup) — məşğul əhali","Agriculture, forestry & fishing (employed population)",min nəfər,A,level,true,Baseline;Adverse;Reform,true,FR4_forecast_tidy.csv,value,FR4.E4_pooled_emp;FR4.E4_combo,
fr4:emp:grp:constr,FR4,8 fəaliyyət qrupu — məşğul əhali,Tikinti (qrup) — məşğul əhali,Construction (employed population),min nəfər,A,level,true,Baseline;Adverse;Reform,true,FR4_forecast_tidy.csv,value,FR4.E4_pooled_emp;FR4.E4_combo,
fr4:emp:grp:hotel,FR4,8 fəaliyyət qrupu — məşğul əhali,Yerləşdirmə və iaşə (qrup) — məşğul əhali,Accommodation & food (employed population),min nəfər,A,level,true,Baseline;Adverse;Reform,true,FR4_forecast_tidy.csv,value,FR4.E4_pooled_emp;FR4.E4_combo,
fr4:emp:grp:ict,FR4,8 fəaliyyət qrupu — məşğul əhali,İnformasiya və rabitə (qrup) — məşğul əhali,Information & communication (employed population),min nəfər,A,level,true,Baseline;Adverse;Reform,true,FR4_forecast_tidy.csv,value,FR4.E4_pooled_emp;FR4.E4_combo,
fr4:emp:grp:industry,FR4,8 fəaliyyət qrupu — məşğul əhali,Sənaye (qrup) — məşğul əhali,Industry (employed population),min nəfər,A,level,true,Baseline;Adverse;Reform,true,FR4_forecast_tidy.csv,value,FR4.E4_pooled_emp;FR4.E4_combo;FR4.E5_pooled_emp,
fr4:emp:grp:services,FR4,8 fəaliyyət qrupu — məşğul əhali,Digər xidmətlər (9 fəaliyyət) (qrup) — məşğul əhali,Other services (9 activities) (employed population),min nəfər,A,level,true,Baseline;Adverse;Reform,true,FR4_forecast_tidy.csv,value,FR4.E4_pooled_emp;FR4.E4_combo,
fr4:emp:grp:trade,FR4,8 fəaliyyət qrupu — məşğul əhali,Ticarət və təmir (qrup) — məşğul əhali,Trade & repair (employed population),min nəfər,A,level,true,Baseline;Adverse;Reform,true,FR4_forecast_tidy.csv,value,FR4.E4_pooled_emp;FR4.E4_combo,
fr4:emp:grp:transp,FR4,8 fəaliyyət qrupu — məşğul əhali,Nəqliyyat və anbar (qrup) — məşğul əhali,Transport & storage (employed population),min nəfər,A,level,true,Baseline;Adverse;Reform,true,FR4_forecast_tidy.csv,value,FR4.E4_pooled_emp;FR4.E4_combo,
fr4:emp:health,FR4,19 fəaliyyət növü — məşğul əhali,Səhiyyə və sosial xidmətlər — məşğul əhali,Human health and social work (employed population),min nəfər,A,level,true,Baseline;Adverse;Reform,false,FR4_employed_by_activity.csv,health,FR4.E4_pooled_emp;FR4.E4_combo;FR4.E6_emp,
fr4:emp:hotel,FR4,19 fəaliyyət növü — məşğul əhali,Yerləşdirmə və iaşə — məşğul əhali,Accommodation and food service (employed population),min nəfər,A,level,true,Baseline;Adverse;Reform,false,FR4_employed_by_activity.csv,hotel,FR4.E4_pooled_emp;FR4.E4_combo,
fr4:emp:ict,FR4,19 fəaliyyət növü — məşğul əhali,İnformasiya və rabitə — məşğul əhali,Information and communication (employed population),min nəfər,A,level,true,Baseline;Adverse;Reform,false,FR4_employed_by_activity.csv,ict,FR4.E4_pooled_emp;FR4.E4_combo,
fr4:emp:manuf,FR4,19 fəaliyyət növü — məşğul əhali,Emal sənayesi — məşğul əhali,Manufacturing (employed population),min nəfər,A,level,true,Baseline;Adverse;Reform,false,FR4_employed_by_activity.csv,manuf,FR4.E4_pooled_emp;FR4.E4_combo;FR4.E5_pooled_emp;FR4.E5_combo;FR4.E9_oil,
fr4:emp:mining,FR4,19 fəaliyyət növü — məşğul əhali,Mədənçıxarma — məşğul əhali,Mining (employed population),min nəfər,A,level,true,Baseline;Adverse;Reform,false,FR4_employed_by_activity.csv,mining,FR4.E4_pooled_emp;FR4.E4_combo;FR4.E5_pooled_emp;FR4.E5_combo;FR4.E9_oil,
fr4:emp:othsvc,FR4,19 fəaliyyət növü — məşğul əhali,Digər xidmətlər — məşğul əhali,Other service activities (employed population),min nəfər,A,level,true,Baseline;Adverse;Reform,false,FR4_employed_by_activity.csv,othsvc,FR4.E4_pooled_emp;FR4.E4_combo;FR4.E6_emp,
fr4:emp:prof,FR4,19 fəaliyyət növü — məşğul əhali,"Peşə, elmi və texniki fəaliyyət — məşğul əhali","Professional, scientific, technical (employed population)",min nəfər,A,level,true,Baseline;Adverse;Reform,false,FR4_employed_by_activity.csv,prof,FR4.E4_pooled_emp;FR4.E4_combo;FR4.E6_emp,
fr4:emp:pubadm,FR4,19 fəaliyyət növü — məşğul əhali,Dövlət idarəetməsi və müdafiə — məşğul əhali,Public administration and defence (employed population),min nəfər,A,level,true,Baseline;Adverse;Reform,false,FR4_employed_by_activity.csv,pubadm,FR4.E4_pooled_emp;FR4.E4_combo;FR4.E6_emp,
fr4:emp:realest,FR4,19 fəaliyyət növü — məşğul əhali,Daşınmaz əmlak — məşğul əhali,Real estate activities (employed population),min nəfər,A,level,true,Baseline;Adverse;Reform,false,FR4_employed_by_activity.csv,realest,FR4.E4_pooled_emp;FR4.E4_combo;FR4.E6_emp,
fr4:emp:total,FR4,19 fəaliyyət növü — məşğul əhali,Cəmi — məşğul əhali,Total (employed population),min nəfər,A,level,true,Baseline;Adverse;Reform,true,FR4_employed_by_activity.csv,total,,
fr4:emp:trade,FR4,19 fəaliyyət növü — məşğul əhali,Ticarət və təmir — məşğul əhali,Trade; repair of transport means (employed population),min nəfər,A,level,true,Baseline;Adverse;Reform,false,FR4_employed_by_activity.csv,trade,FR4.E4_pooled_emp;FR4.E4_combo,
fr4:emp:transp,FR4,19 fəaliyyət növü — məşğul əhali,Nəqliyyat və anbar — məşğul əhali,Transportation and storage (employed population),min nəfər,A,level,true,Baseline;Adverse;Reform,false,FR4_employed_by_activity.csv,transp,FR4.E4_pooled_emp;FR4.E4_combo,
fr4:emp:water,FR4,19 fəaliyyət növü — məşğul əhali,Su təchizatı — məşğul əhali,"Water supply, waste treatment (employed population)",min nəfər,A,level,true,Baseline;Adverse;Reform,false,FR4_employed_by_activity.csv,water,FR4.E4_pooled_emp;FR4.E4_combo;FR4.E5_pooled_emp;FR4.E5_combo,
fr4:emp_own,FR4,Yoxlama bloku,Məşğul əhali — FR4-ün öz məcmu bloku (E1–E2 yoxlaması),"Employed, FR4 own aggregate block (cross-check)",min nəfər,A,level,true,Baseline;Adverse;Reform,false,FR4_forecast_tidy.csv,value,FR4.E2_emprate,
fr4:hired:admsup,FR4,19 fəaliyyət növü — muzdlu işçilər,İnzibati və yardımçı xidmətlər — muzdlu işçilər,Administrative and support service (hired employees),min nəfər,A,level,true,Baseline;Adverse;Reform,false,FR4_hired_by_activity.csv,admsup,FR4.E4_pooled_hired;FR4.E4_combo;FR4.E6_hired,
fr4:hired:agr,FR4,19 fəaliyyət növü — muzdlu işçilər,"Kənd, meşə və balıqçılıq — muzdlu işçilər","Agriculture, forestry and fishing (hired employees)",min nəfər,A,level,true,Baseline;Adverse;Reform,false,FR4_hired_by_activity.csv,agr,FR4.E4_pooled_hired;FR4.E4_combo,
fr4:hired:art,FR4,19 fəaliyyət növü — muzdlu işçilər,"İncəsənət, əyləncə — muzdlu işçilər","Art, entertainment and recreation (hired employees)",min nəfər,A,level,true,Baseline;Adverse;Reform,false,FR4_hired_by_activity.csv,art,FR4.E4_pooled_hired;FR4.E4_combo;FR4.E6_hired,
fr4:hired:bloc:mkt,FR4,Digər xidmətlərin blokları — muzdlu işçilər,Bazar xidmətləri (5 fəaliyyət) — muzdlu işçilər,Market services (hired employees),min nəfər,A,level,true,Baseline;Adverse;Reform,false,FR4_forecast_tidy.csv,value,FR4.E6_hired,
fr4:hired:bloc:pub,FR4,Digər xidmətlərin blokları — muzdlu işçilər,Büdcədən maliyyələşən xidmətlər (4 fəaliyyət) — muzdlu işçilər,Budget-financed services (hired employees),min nəfər,A,level,true,Baseline;Adverse;Reform,false,FR4_forecast_tidy.csv,value,FR4.E6_hired,
fr4:hired:constr,FR4,19 fəaliyyət növü — muzdlu işçilər,Tikinti — muzdlu işçilər,Construction (hired employees),min nəfər,A,level,true,Baseline;Adverse;Reform,false,FR4_hired_by_activity.csv,constr,FR4.E4_pooled_hired;FR4.E4_combo,
fr4:hired:educ,FR4,19 fəaliyyət növü — muzdlu işçilər,Təhsil — muzdlu işçilər,Education (hired employees),min nəfər,A,level,true,Baseline;Adverse;Reform,false,FR4_hired_by_activity.csv,educ,FR4.E4_pooled_hired;FR4.E4_combo;FR4.E6_hired,
fr4:hired:elec,FR4,19 fəaliyyət növü — muzdlu işçilər,"Elektrik enerjisi, qaz — muzdlu işçilər","Electricity, gas and steam (hired employees)",min nəfər,A,level,true,Baseline;Adverse;Reform,false,FR4_hired_by_activity.csv,elec,FR4.E4_pooled_hired;FR4.E4_combo;FR4.E5_pooled_hired;FR4.E5_combo,
fr4:hired:fin,FR4,19 fəaliyyət növü — muzdlu işçilər,Maliyyə və sığorta — muzdlu işçilər,Financial and insurance activities (hired employees),min nəfər,A,level,true,Baseline;Adverse;Reform,false,FR4_hired_by_activity.csv,fin,FR4.E4_pooled_hired;FR4.E4_combo;FR4.E6_hired,
fr4:hired:grp:agr,FR4,8 fəaliyyət qrupu — muzdlu işçilər,"Kənd, meşə və balıqçılıq (qrup) — muzdlu işçilər","Agriculture, forestry & fishing (hired employees)",min nəfər,A,level,true,Baseline;Adverse;Reform,false,FR4_forecast_tidy.csv,value,FR4.E4_pooled_hired;FR4.E4_combo,
fr4:hired:grp:constr,FR4,8 fəaliyyət qrupu — muzdlu işçilər,Tikinti (qrup) — muzdlu işçilər,Construction (hired employees),min nəfər,A,level,true,Baseline;Adverse;Reform,false,FR4_forecast_tidy.csv,value,FR4.E4_pooled_hired;FR4.E4_combo,
fr4:hired:grp:hotel,FR4,8 fəaliyyət qrupu — muzdlu işçilər,Yerləşdirmə və iaşə (qrup) — muzdlu işçilər,Accommodation & food (hired employees),min nəfər,A,level,true,Baseline;Adverse;Reform,false,FR4_forecast_tidy.csv,value,FR4.E4_pooled_hired;FR4.E4_combo,
fr4:hired:grp:ict,FR4,8 fəaliyyət qrupu — muzdlu işçilər,İnformasiya və rabitə (qrup) — muzdlu işçilər,Information & communication (hired employees),min nəfər,A,level,true,Baseline;Adverse;Reform,false,FR4_forecast_tidy.csv,value,FR4.E4_pooled_hired;FR4.E4_combo,
fr4:hired:grp:industry,FR4,8 fəaliyyət qrupu — muzdlu işçilər,Sənaye (qrup) — muzdlu işçilər,Industry (hired employees),min nəfər,A,level,true,Baseline;Adverse;Reform,false,FR4_forecast_tidy.csv,value,FR4.E4_pooled_hired;FR4.E4_combo;FR4.E5_pooled_hired,
fr4:hired:grp:services,FR4,8 fəaliyyət qrupu — muzdlu işçilər,Digər xidmətlər (9 fəaliyyət) (qrup) — muzdlu işçilər,Other services (9 activities) (hired employees),min nəfər,A,level,true,Baseline;Adverse;Reform,false,FR4_forecast_tidy.csv,value,FR4.E4_pooled_hired;FR4.E4_combo,
fr4:hired:grp:trade,FR4,8 fəaliyyət qrupu — muzdlu işçilər,Ticarət və təmir (qrup) — muzdlu işçilər,Trade & repair (hired employees),min nəfər,A,level,true,Baseline;Adverse;Reform,false,FR4_forecast_tidy.csv,value,FR4.E4_pooled_hired;FR4.E4_combo,
fr4:hired:grp:transp,FR4,8 fəaliyyət qrupu — muzdlu işçilər,Nəqliyyat və anbar (qrup) — muzdlu işçilər,Transport & storage (hired employees),min nəfər,A,level,true,Baseline;Adverse;Reform,false,FR4_forecast_tidy.csv,value,FR4.E4_pooled_hired;FR4.E4_combo,
fr4:hired:health,FR4,19 fəaliyyət növü — muzdlu işçilər,Səhiyyə və sosial xidmətlər — muzdlu işçilər,Human health and social work (hired employees),min nəfər,A,level,true,Baseline;Adverse;Reform,false,FR4_hired_by_activity.csv,health,FR4.E4_pooled_hired;FR4.E4_combo;FR4.E6_hired,
fr4:hired:hotel,FR4,19 fəaliyyət növü — muzdlu işçilər,Yerləşdirmə və iaşə — muzdlu işçilər,Accommodation and food service (hired employees),min nəfər,A,level,true,Baseline;Adverse;Reform,false,FR4_hired_by_activity.csv,hotel,FR4.E4_pooled_hired;FR4.E4_combo,
fr4:hired:ict,FR4,19 fəaliyyət növü — muzdlu işçilər,İnformasiya və rabitə — muzdlu işçilər,Information and communication (hired employees),min nəfər,A,level,true,Baseline;Adverse;Reform,false,FR4_hired_by_activity.csv,ict,FR4.E4_pooled_hired;FR4.E4_combo,
fr4:hired:manuf,FR4,19 fəaliyyət növü — muzdlu işçilər,Emal sənayesi — muzdlu işçilər,Manufacturing (hired employees),min nəfər,A,level,true,Baseline;Adverse;Reform,false,FR4_hired_by_activity.csv,manuf,FR4.E4_pooled_hired;FR4.E4_combo;FR4.E5_pooled_hired;FR4.E5_combo;FR4.E9_oil,
fr4:hired:mining,FR4,19 fəaliyyət növü — muzdlu işçilər,Mədənçıxarma — muzdlu işçilər,Mining (hired employees),min nəfər,A,level,true,Baseline;Adverse;Reform,false,FR4_hired_by_activity.csv,mining,FR4.E4_pooled_hired;FR4.E4_combo;FR4.E5_pooled_hired;FR4.E5_combo;FR4.E9_oil,
fr4:hired:othsvc,FR4,19 fəaliyyət növü — muzdlu işçilər,Digər xidmətlər — muzdlu işçilər,Other service activities (hired employees),min nəfər,A,level,true,Baseline;Adverse;Reform,false,FR4_hired_by_activity.csv,othsvc,FR4.E4_pooled_hired;FR4.E4_combo;FR4.E6_hired,
fr4:hired:prof,FR4,19 fəaliyyət növü — muzdlu işçilər,"Peşə, elmi və texniki fəaliyyət — muzdlu işçilər","Professional, scientific, technical (hired employees)",min nəfər,A,level,true,Baseline;Adverse;Reform,false,FR4_hired_by_activity.csv,prof,FR4.E4_pooled_hired;FR4.E4_combo;FR4.E6_hired,
fr4:hired:pubadm,FR4,19 fəaliyyət növü — muzdlu işçilər,Dövlət idarəetməsi və müdafiə — muzdlu işçilər,Public administration and defence (hired employees),min nəfər,A,level,true,Baseline;Adverse;Reform,false,FR4_hired_by_activity.csv,pubadm,FR4.E4_pooled_hired;FR4.E4_combo;FR4.E6_hired,
fr4:hired:realest,FR4,19 fəaliyyət növü — muzdlu işçilər,Daşınmaz əmlak — muzdlu işçilər,Real estate activities (hired employees),min nəfər,A,level,true,Baseline;Adverse;Reform,false,FR4_hired_by_activity.csv,realest,FR4.E4_pooled_hired;FR4.E4_combo;FR4.E6_hired,
fr4:hired:total,FR4,19 fəaliyyət növü — muzdlu işçilər,Cəmi — muzdlu işçilər,Total (hired employees),min nəfər,A,level,true,Baseline;Adverse;Reform,true,FR4_hired_by_activity.csv,total,FR4.E3_phi,
fr4:hired:trade,FR4,19 fəaliyyət növü — muzdlu işçilər,Ticarət və təmir — muzdlu işçilər,Trade; repair of transport means (hired employees),min nəfər,A,level,true,Baseline;Adverse;Reform,false,FR4_hired_by_activity.csv,trade,FR4.E4_pooled_hired;FR4.E4_combo,
fr4:hired:transp,FR4,19 fəaliyyət növü — muzdlu işçilər,Nəqliyyat və anbar — muzdlu işçilər,Transportation and storage (hired employees),min nəfər,A,level,true,Baseline;Adverse;Reform,false,FR4_hired_by_activity.csv,transp,FR4.E4_pooled_hired;FR4.E4_combo,
fr4:hired:water,FR4,19 fəaliyyət növü — muzdlu işçilər,Su təchizatı — muzdlu işçilər,"Water supply, waste treatment (hired employees)",min nəfər,A,level,true,Baseline;Adverse;Reform,false,FR4_hired_by_activity.csv,water,FR4.E4_pooled_hired;FR4.E4_combo;FR4.E5_pooled_hired;FR4.E5_combo,
fr4:lf,FR4,Məcmu göstəricilər,"İşçi qüvvəsi (iqtisadi fəal əhali, FR1)",Labour force (FR1),min nəfər,A,level,true,Baseline;Adverse;Reform,false,FR4_institutional_breakdown.csv,labour force (FR1),,
fr4:lf_own,FR4,Yoxlama bloku,İşçi qüvvəsi — FR4-ün öz bloku (E1 yoxlaması),"Labour force, FR4 own block (cross-check)",min nəfər,A,level,true,Baseline;Adverse;Reform,false,FR4_forecast_tidy.csv,value,FR4.E1_part,
fr4:nonbudget,FR4,Büdcə və qeyri-büdcə təşkilatları,Qeyri-büdcə təşkilatlarında muzdlu işçilər,Non-budget organisations (hired employees),min nəfər,A,level,true,Baseline;Adverse;Reform,false,FR4_institutional_breakdown.csv,non-budget,FR4.E6_hired;FR4.B_sigma,1999;2000;2001;2002;2003;2004;2005;2006;2007;2008;2009;2010;2011;2012;2013;2014;2015;2016;2017;2018;2019;2020;2021;2022;2023;2024
fr4:nonoil:stat,FR4,Neft və qeyri-neft sektoru,"Qeyri-neft sektoru (statistik əsas, muzdlu)","Non-oil sector, statistical basis (hired)",min nəfər,A,level,true,Baseline;Adverse;Reform,false,FR4_institutional_breakdown.csv,"non-oil, statistical basis (hired)",FR4.E9_oil,
fr4:nonoil:tax,FR4,Neft və qeyri-neft sektoru,Qeyri-neft sektoru (vergi uçotu əsası),"Non-oil sector, tax-record basis",min nəfər,A,level,true,Baseline;Adverse;Reform,false,FR4_institutional_breakdown.csv,"non-oil, tax-record basis",FR4.E9_oil,
fr4:nonstate,FR4,Dövlət və qeyri-dövlət sektoru,Qeyri-dövlət sektorunda məşğulluq,Non-state employment,min nəfər,A,level,true,Baseline;Adverse;Reform,false,FR4_institutional_breakdown.csv,non-state,FR4.E8_state,
fr4:oil:stat,FR4,Neft və qeyri-neft sektoru,Neft sektoru (statistik əsas),"Oil sector, statistical basis",min nəfər,A,level,true,Baseline;Adverse;Reform,true,FR4_institutional_breakdown.csv,"oil, statistical basis",FR4.E9_oil,
fr4:oil:tax,FR4,Neft və qeyri-neft sektoru,Neft sektoru (vergi uçotu əsası),"Oil sector, tax-record basis",min nəfər,A,level,true,Baseline;Adverse;Reform,true,FR4_institutional_breakdown.csv,"oil, tax-record basis",FR4.E9_oil,
fr4:phi,FR4,Məcmu göstəricilər,Muzdlu işçilərin məşğul əhalidə payı,Employee share of employment,pay (0–1),A,share,true,Baseline;Adverse;Reform,false,FR4_forecast_tidy.csv,value,FR4.E3_phi,
fr4:state,FR4,Dövlət və qeyri-dövlət sektoru,Dövlət sektorunda məşğulluq,State-sector employment,min nəfər,A,level,true,Baseline;Adverse;Reform,true,FR4_institutional_breakdown.csv,state,FR4.E8_state,
fr4:state_share,FR4,Dövlət və qeyri-dövlət sektoru,Dövlət sektorunun məşğulluqda payı,State share of employment,%,A,share,true,Baseline;Adverse;Reform,false,FR4_institutional_breakdown.csv,"state share, %",FR4.E8_state,
