series,date,value
precip_ganca,1960-01-01,12.1
precip_ganca,1960-02-01,37.6
precip_ganca,1960-03-01,53.9
precip_ganca,1960-04-01,105.4
precip_ganca,1960-05-01,80.4
precip_ganca,1960-06-01,107.3
precip_ganca,1960-07-01,132.8
precip_ganca,1960-08-01,34.7
precip_ganca,1960-09-01,53.2
precip_ganca,1960-10-01,33.6
precip_ganca,1960-11-01,18.6
precip_ganca,1960-12-01,7.6
precip_ganca,1961-01-01,19.8
precip_ganca,1961-02-01,27.4
precip_ganca,1961-03-01,18.4
precip_ganca,1961-04-01,27.5
precip_ganca,1961-05-01,75.4
precip_ganca,1961-06-01,53.2
precip_ganca,1961-07-01,66.6
precip_ganca,1961-08-01,34.2
precip_ganca,1961-09-01,62.6
precip_ganca,1961-10-01,54.0
precip_ganca,1961-11-01,20.2
precip_ganca,1961-12-01,16.3
precip_ganca,1962-01-01,11.0
precip_ganca,1962-02-01,21.0
precip_ganca,1962-03-01,42.7
precip_ganca,1962-04-01,116.6
precip_ganca,1962-05-01,81.8
precip_ganca,1962-06-01,53.2
precip_ganca,1962-07-01,30.3
precip_ganca,1962-08-01,42.8
precip_ganca,1962-09-01,41.9
precip_ganca,1962-10-01,70.0
precip_ganca,1962-11-01,31.6
precip_ganca,1962-12-01,37.5
precip_ganca,1963-01-01,21.9
precip_ganca,1963-02-01,26.1
precip_ganca,1963-03-01,43.1
precip_ganca,1963-04-01,105.4
precip_ganca,1963-05-01,184.7
precip_ganca,1963-06-01,134.0
precip_ganca,1963-07-01,143.8
precip_ganca,1963-08-01,92.1
precip_ganca,1963-09-01,51.5
precip_ganca,1963-10-01,70.9
precip_ganca,1963-11-01,31.6
precip_ganca,1963-12-01,37.2
precip_ganca,1964-01-01,16.2
precip_ganca,1964-02-01,25.6
precip_ganca,1964-03-01,56.1
precip_ganca,1964-04-01,93.4
precip_ganca,1964-05-01,96.8
precip_ganca,1964-06-01,205.5
precip_ganca,1964-07-01,100.2
precip_ganca,1964-08-01,112.3
precip_ganca,1964-09-01,33.0
precip_ganca,1964-10-01,35.6
precip_ganca,1964-11-01,11.3
precip_ganca,1964-12-01,14.8
precip_ganca,1965-01-01,26.1
precip_ganca,1965-02-01,18.1
precip_ganca,1965-03-01,46.8
precip_ganca,1965-04-01,64.0
precip_ganca,1965-05-01,96.4
precip_ganca,1965-06-01,150.5
precip_ganca,1965-07-01,118.5
precip_ganca,1965-08-01,55.6
precip_ganca,1965-09-01,86.2
precip_ganca,1965-10-01,78.4
precip_ganca,1965-11-01,19.6
precip_ganca,1965-12-01,9.7
precip_ganca,1966-01-01,18.1
precip_ganca,1966-02-01,22.8
precip_ganca,1966-03-01,37.3
precip_ganca,1966-04-01,111.3
precip_ganca,1966-05-01,129.2
precip_ganca,1966-06-01,87.6
precip_ganca,1966-07-01,19.3
precip_ganca,1966-08-01,28.0
precip_ganca,1966-09-01,101.9
precip_ganca,1966-10-01,53.9
precip_ganca,1966-11-01,28.3
precip_ganca,1966-12-01,27.6
precip_ganca,1967-01-01,13.6
precip_ganca,1967-02-01,41.1
precip_ganca,1967-03-01,47.8
precip_ganca,1967-04-01,93.6
precip_ganca,1967-05-01,93.8
precip_ganca,1967-06-01,80.9
precip_ganca,1967-07-01,144.6
precip_ganca,1967-08-01,91.4
precip_ganca,1967-09-01,122.2
precip_ganca,1967-10-01,19.0
precip_ganca,1967-11-01,37.6
precip_ganca,1967-12-01,18.5
precip_ganca,1968-01-01,17.3
precip_ganca,1968-02-01,34.7
precip_ganca,1968-03-01,47.9
precip_ganca,1968-04-01,109.1
precip_ganca,1968-05-01,81.9
precip_ganca,1968-06-01,189.7
precip_ganca,1968-07-01,38.5
precip_ganca,1968-08-01,116.8
precip_ganca,1968-09-01,44.6
precip_ganca,1968-10-01,47.8
precip_ganca,1968-11-01,16.2
precip_ganca,1968-12-01,29.7
precip_ganca,1969-01-01,43.1
precip_ganca,1969-02-01,37.1
precip_ganca,1969-03-01,68.7
precip_ganca,1969-04-01,98.6
precip_ganca,1969-05-01,124.0
precip_ganca,1969-06-01,97.2
precip_ganca,1969-07-01,88.2
precip_ganca,1969-08-01,22.8
precip_ganca,1969-09-01,75.6
precip_ganca,1969-10-01,51.3
precip_ganca,1969-11-01,30.1
precip_ganca,1969-12-01,32.2
precip_ganca,1970-01-01,33.3
precip_ganca,1970-02-01,18.7
precip_ganca,1970-03-01,39.6
precip_ganca,1970-04-01,37.4
precip_ganca,1970-05-01,86.1
precip_ganca,1970-06-01,51.1
precip_ganca,1970-07-01,106.5
precip_ganca,1970-08-01,121.8
precip_ganca,1970-09-01,32.7
precip_ganca,1970-10-01,50.7
precip_ganca,1970-11-01,24.3
precip_ganca,1970-12-01,30.0
precip_ganca,1971-01-01,14.3
precip_ganca,1971-02-01,14.3
precip_ganca,1971-03-01,44.5
precip_ganca,1971-04-01,100.2
precip_ganca,1971-05-01,134.2
precip_ganca,1971-06-01,84.6
precip_ganca,1971-07-01,1.8
precip_ganca,1971-08-01,57.2
precip_ganca,1971-09-01,22.8
precip_ganca,1971-10-01,36.5
precip_ganca,1971-11-01,14.0
precip_ganca,1971-12-01,31.5
precip_ganca,1972-01-01,22.6
precip_ganca,1972-02-01,23.9
precip_ganca,1972-03-01,39.6
precip_ganca,1972-04-01,64.4
precip_ganca,1972-05-01,213.8
precip_ganca,1972-06-01,186.5
precip_ganca,1972-07-01,62.1
precip_ganca,1972-08-01,50.9
precip_ganca,1972-09-01,119.5
precip_ganca,1972-10-01,36.1
precip_ganca,1972-11-01,29.1
precip_ganca,1972-12-01,25.7
precip_ganca,1973-01-01,17.9
precip_ganca,1973-02-01,14.5
precip_ganca,1973-03-01,69.7
precip_ganca,1973-04-01,79.2
precip_ganca,1973-05-01,114.2
precip_ganca,1973-06-01,221.0
precip_ganca,1973-07-01,99.0
precip_ganca,1973-08-01,37.8
precip_ganca,1973-09-01,61.0
precip_ganca,1973-10-01,27.1
precip_ganca,1973-11-01,35.8
precip_ganca,1973-12-01,18.7
precip_ganca,1974-01-01,30.7
precip_ganca,1974-02-01,19.1
precip_ganca,1974-03-01,79.4
precip_ganca,1974-04-01,66.4
precip_ganca,1974-05-01,86.9
precip_ganca,1974-06-01,91.0
precip_ganca,1974-07-01,84.0
precip_ganca,1974-08-01,107.8
precip_ganca,1974-09-01,92.7
precip_ganca,1974-10-01,2.8
precip_ganca,1974-11-01,32.6
precip_ganca,1974-12-01,9.8
precip_ganca,1975-01-01,10.2
precip_ganca,1975-02-01,48.1
precip_ganca,1975-03-01,30.0
precip_ganca,1975-04-01,65.4
precip_ganca,1975-05-01,116.5
precip_ganca,1975-06-01,89.9
precip_ganca,1975-07-01,51.0
precip_ganca,1975-08-01,37.5
precip_ganca,1975-09-01,65.4
precip_ganca,1975-10-01,72.8
precip_ganca,1975-11-01,57.5
precip_ganca,1975-12-01,14.0
precip_ganca,1976-01-01,12.7
precip_ganca,1976-02-01,26.0
precip_ganca,1976-03-01,19.0
precip_ganca,1976-04-01,93.0
precip_ganca,1976-05-01,157.7
precip_ganca,1976-06-01,64.4
precip_ganca,1976-07-01,89.3
precip_ganca,1976-08-01,15.8
precip_ganca,1976-09-01,68.0
precip_ganca,1976-10-01,78.0
precip_ganca,1976-11-01,18.0
precip_ganca,1976-12-01,34.2
precip_ganca,1977-01-01,25.9
precip_ganca,1977-02-01,13.4
precip_ganca,1977-03-01,61.0
precip_ganca,1977-04-01,85.0
precip_ganca,1977-05-01,126.5
precip_ganca,1977-06-01,133.4
precip_ganca,1977-07-01,109.6
precip_ganca,1977-08-01,58.0
precip_ganca,1977-09-01,58.3
precip_ganca,1977-10-01,50.9
precip_ganca,1977-11-01,14.1
precip_ganca,1977-12-01,18.4
precip_ganca,1978-01-01,25.0
precip_ganca,1978-02-01,32.0
precip_ganca,1978-03-01,61.9
precip_ganca,1978-04-01,102.6
precip_ganca,1978-05-01,124.4
precip_ganca,1978-06-01,116.9
precip_ganca,1978-07-01,43.6
precip_ganca,1978-08-01,37.1
precip_ganca,1978-09-01,25.4
precip_ganca,1978-10-01,44.4
precip_ganca,1978-11-01,65.6
precip_ganca,1978-12-01,27.3
precip_ganca,1979-01-01,14.3
precip_ganca,1979-02-01,19.1
precip_ganca,1979-03-01,32.9
precip_ganca,1979-04-01,72.5
precip_ganca,1979-05-01,78.5
precip_ganca,1979-06-01,123.6
precip_ganca,1979-07-01,53.7
precip_ganca,1979-08-01,11.1
precip_ganca,1979-09-01,30.9
precip_ganca,1979-10-01,72.6
precip_ganca,1979-11-01,35.6
precip_ganca,1979-12-01,16.9
precip_ganca,1980-01-01,25.8
precip_ganca,1980-02-01,18.6
precip_ganca,1980-03-01,39.0
precip_ganca,1980-04-01,82.8
precip_ganca,1980-05-01,98.4
precip_ganca,1980-06-01,66.8
precip_ganca,1980-07-01,55.2
precip_ganca,1980-08-01,75.1
precip_ganca,1980-09-01,77.8
precip_ganca,1980-10-01,38.2
precip_ganca,1980-11-01,27.1
precip_ganca,1980-12-01,17.6
precip_ganca,1981-01-01,3.4
precip_ganca,1981-02-01,32.9
precip_ganca,1981-03-01,37.3
precip_ganca,1981-04-01,95.2
precip_ganca,1981-05-01,141.8
precip_ganca,1981-06-01,152.6
precip_ganca,1981-07-01,97.5
precip_ganca,1981-08-01,128.5
precip_ganca,1981-09-01,17.4
precip_ganca,1981-10-01,39.6
precip_ganca,1981-11-01,45.9
precip_ganca,1981-12-01,9.0
precip_ganca,1982-01-01,18.2
precip_ganca,1982-02-01,17.7
precip_ganca,1982-03-01,51.4
precip_ganca,1982-04-01,89.4
precip_ganca,1982-05-01,141.5
precip_ganca,1982-06-01,122.4
precip_ganca,1982-07-01,144.6
precip_ganca,1982-08-01,72.6
precip_ganca,1982-09-01,57.7
precip_ganca,1982-10-01,58.9
precip_ganca,1982-11-01,54.3
precip_ganca,1982-12-01,7.2
precip_ganca,1983-01-01,14.3
precip_ganca,1983-02-01,7.8
precip_ganca,1983-03-01,18.9
precip_ganca,1983-04-01,85.3
precip_ganca,1983-05-01,152.1
precip_ganca,1983-06-01,113.5
precip_ganca,1983-07-01,61.5
precip_ganca,1983-08-01,145.2
precip_ganca,1983-09-01,74.1
precip_ganca,1983-10-01,38.7
precip_ganca,1983-11-01,11.6
precip_ganca,1983-12-01,17.0
precip_ganca,1984-01-01,8.6
precip_ganca,1984-02-01,32.6
precip_ganca,1984-03-01,48.2
precip_ganca,1984-04-01,80.8
precip_ganca,1984-05-01,79.2
precip_ganca,1984-06-01,23.8
precip_ganca,1984-07-01,45.3
precip_ganca,1984-08-01,57.4
precip_ganca,1984-09-01,25.0
precip_ganca,1984-10-01,58.8
precip_ganca,1984-11-01,20.8
precip_ganca,1984-12-01,20.6
precip_ganca,1985-01-01,26.4
precip_ganca,1985-02-01,36.8
precip_ganca,1985-03-01,24.6
precip_ganca,1985-04-01,84.0
precip_ganca,1985-05-01,108.3
precip_ganca,1985-06-01,77.0
precip_ganca,1985-07-01,112.0
precip_ganca,1985-08-01,52.8
precip_ganca,1985-09-01,20.7
precip_ganca,1985-10-01,49.8
precip_ganca,1985-11-01,19.1
precip_ganca,1985-12-01,13.4
precip_ganca,1986-01-01,13.3
precip_ganca,1986-02-01,23.5
precip_ganca,1986-03-01,25.2
precip_ganca,1986-04-01,37.9
precip_ganca,1986-05-01,126.1
precip_ganca,1986-06-01,146.5
precip_ganca,1986-07-01,75.8
precip_ganca,1986-08-01,54.1
precip_ganca,1986-09-01,48.6
precip_ganca,1986-10-01,30.3
precip_ganca,1986-11-01,35.0
precip_ganca,1986-12-01,7.6
precip_ganca,1987-01-01,15.7
precip_ganca,1987-02-01,25.9
precip_ganca,1987-03-01,52.0
precip_ganca,1987-04-01,50.6
precip_ganca,1987-05-01,94.6
precip_ganca,1987-06-01,47.9
precip_ganca,1987-07-01,29.8
precip_ganca,1987-08-01,77.4
precip_ganca,1987-09-01,64.4
precip_ganca,1987-10-01,106.3
precip_ganca,1987-11-01,15.3
precip_ganca,1987-12-01,25.9
precip_ganca,1988-01-01,14.1
precip_ganca,1988-02-01,32.4
precip_ganca,1988-03-01,40.3
precip_ganca,1988-04-01,74.1
precip_ganca,1988-05-01,158.0
precip_ganca,1988-06-01,111.3
precip_ganca,1988-07-01,70.1
precip_ganca,1988-08-01,99.0
precip_ganca,1988-09-01,31.6
precip_ganca,1988-10-01,63.9
precip_ganca,1988-11-01,20.6
precip_ganca,1988-12-01,10.6
precip_ganca,1989-01-01,9.5
precip_ganca,1989-02-01,19.9
precip_ganca,1989-03-01,27.6
precip_ganca,1989-04-01,24.3
precip_ganca,1989-05-01,56.1
precip_ganca,1989-06-01,97.4
precip_ganca,1989-07-01,66.6
precip_ganca,1989-08-01,142.0
precip_ganca,1989-09-01,38.3
precip_ganca,1989-10-01,64.4
precip_ganca,1989-11-01,17.5
precip_ganca,1989-12-01,15.2
precip_ganca,1990-01-01,39.0
precip_ganca,1990-02-01,21.6
precip_ganca,1990-03-01,29.1
precip_ganca,1990-04-01,124.4
precip_ganca,1990-05-01,98.5
precip_ganca,1990-06-01,104.3
precip_ganca,1990-07-01,33.8
precip_ganca,1990-08-01,86.6
precip_ganca,1990-09-01,33.0
precip_ganca,1990-10-01,30.3
precip_ganca,1990-11-01,16.2
precip_ganca,1990-12-01,13.1
precip_ganca,1991-01-01,20.3
precip_ganca,1991-02-01,18.0
precip_ganca,1991-03-01,61.1
precip_ganca,1991-04-01,73.9
precip_ganca,1991-05-01,86.6
precip_ganca,1991-06-01,70.3
precip_ganca,1991-07-01,24.8
precip_ganca,1991-08-01,57.3
precip_ganca,1991-09-01,20.7
precip_ganca,1991-10-01,12.9
precip_ganca,1991-11-01,39.4
precip_ganca,1991-12-01,28.9
precip_ganca,1992-01-01,7.8
precip_ganca,1992-02-01,27.7
precip_ganca,1992-03-01,12.4
precip_ganca,1992-04-01,60.2
precip_ganca,1992-05-01,69.5
precip_ganca,1992-06-01,105.6
precip_ganca,1992-07-01,43.4
precip_ganca,1992-08-01,33.9
precip_ganca,1992-09-01,60.2
precip_ganca,1992-10-01,34.2
precip_ganca,1992-11-01,48.0
precip_ganca,1992-12-01,32.5
precip_ganca,1993-01-01,20.4
precip_ganca,1993-02-01,28.9
precip_ganca,1993-03-01,13.1
precip_ganca,1993-04-01,77.3
precip_ganca,1993-05-01,96.6
precip_ganca,1993-06-01,106.8
precip_ganca,1993-07-01,50.7
precip_ganca,1993-08-01,53.9
precip_ganca,1993-09-01,44.7
precip_ganca,1993-10-01,28.4
precip_ganca,1993-11-01,67.1
precip_ganca,1993-12-01,5.1
precip_ganca,1994-01-01,7.9
precip_ganca,1994-02-01,42.1
precip_ganca,1994-03-01,61.4
precip_ganca,1994-04-01,105.0
precip_ganca,1994-05-01,88.0
precip_ganca,1994-06-01,102.4
precip_ganca,1994-07-01,100.1
precip_ganca,1994-08-01,99.7
precip_ganca,1994-09-01,21.2
precip_ganca,1994-10-01,31.3
precip_ganca,1994-11-01,50.7
precip_ganca,1994-12-01,23.7
precip_ganca,1995-01-01,23.2
precip_ganca,1995-02-01,8.6
precip_ganca,1995-03-01,39.7
precip_ganca,1995-04-01,68.8
precip_ganca,1995-05-01,40.2
precip_ganca,1995-06-01,73.0
precip_ganca,1995-07-01,93.0
precip_ganca,1995-08-01,17.9
precip_ganca,1995-09-01,52.2
precip_ganca,1995-10-01,38.9
precip_ganca,1995-11-01,17.8
precip_ganca,1995-12-01,11.9
precip_ganca,1996-01-01,15.6
precip_ganca,1996-02-01,30.3
precip_ganca,1996-03-01,38.3
precip_ganca,1996-04-01,66.6
precip_ganca,1996-05-01,72.1
precip_ganca,1996-06-01,75.7
precip_ganca,1996-07-01,67.8
precip_ganca,1996-08-01,20.3
precip_ganca,1996-09-01,28.6
precip_ganca,1996-10-01,71.0
precip_ganca,1996-11-01,5.4
precip_ganca,1996-12-01,22.0
precip_ganca,1997-01-01,17.7
precip_ganca,1997-02-01,29.1
precip_ganca,1997-03-01,39.3
precip_ganca,1997-04-01,49.5
precip_ganca,1997-05-01,83.5
precip_ganca,1997-06-01,102.8
precip_ganca,1997-07-01,145.1
precip_ganca,1997-08-01,87.4
precip_ganca,1997-09-01,86.5
precip_ganca,1997-10-01,30.8
precip_ganca,1997-11-01,5.9
precip_ganca,1997-12-01,24.3
precip_ganca,1998-01-01,16.4
precip_ganca,1998-02-01,14.4
precip_ganca,1998-03-01,40.0
precip_ganca,1998-04-01,77.5
precip_ganca,1998-05-01,88.5
precip_ganca,1998-06-01,60.4
precip_ganca,1998-07-01,45.0
precip_ganca,1998-08-01,29.6
precip_ganca,1998-09-01,27.8
precip_ganca,1998-10-01,23.0
precip_ganca,1998-11-01,40.2
precip_ganca,1998-12-01,12.4
precip_ganca,1999-01-01,4.7
precip_ganca,1999-02-01,9.1
precip_ganca,1999-03-01,75.3
precip_ganca,1999-04-01,66.1
precip_ganca,1999-05-01,65.2
precip_ganca,1999-06-01,68.9
precip_ganca,1999-07-01,57.4
precip_ganca,1999-08-01,28.0
precip_ganca,1999-09-01,90.7
precip_ganca,1999-10-01,24.1
precip_ganca,1999-11-01,39.2
precip_ganca,1999-12-01,4.7
precip_ganca,2000-01-01,27.3
precip_ganca,2000-02-01,16.7
precip_ganca,2000-03-01,51.9
precip_ganca,2000-04-01,51.0
precip_ganca,2000-05-01,122.6
precip_ganca,2000-06-01,21.1
precip_ganca,2000-07-01,17.6
precip_ganca,2000-08-01,26.6
precip_ganca,2000-09-01,35.5
precip_ganca,2000-10-01,65.2
precip_ganca,2000-11-01,25.1
precip_ganca,2000-12-01,10.6
precip_ganca,2001-01-01,16.1
precip_ganca,2001-02-01,12.1
precip_ganca,2001-03-01,56.8
precip_ganca,2001-04-01,112.7
precip_ganca,2001-05-01,124.3
precip_ganca,2001-06-01,40.5
precip_ganca,2001-07-01,26.4
precip_ganca,2001-08-01,52.8
precip_ganca,2001-09-01,20.4
precip_ganca,2001-10-01,42.6
precip_ganca,2001-11-01,16.6
precip_ganca,2001-12-01,17.8
precip_ganca,2002-01-01,22.8
precip_ganca,2002-02-01,28.9
precip_ganca,2002-03-01,57.3
precip_ganca,2002-04-01,107.7
precip_ganca,2002-05-01,100.4
precip_ganca,2002-06-01,123.4
precip_ganca,2002-07-01,44.4
precip_ganca,2002-08-01,127.7
precip_ganca,2002-09-01,22.2
precip_ganca,2002-10-01,38.7
precip_ganca,2002-11-01,7.1
precip_ganca,2002-12-01,31.3
precip_ganca,2003-01-01,9.8
precip_ganca,2003-02-01,31.3
precip_ganca,2003-03-01,86.7
precip_ganca,2003-04-01,77.0
precip_ganca,2003-05-01,88.0
precip_ganca,2003-06-01,50.5
precip_ganca,2003-07-01,51.8
precip_ganca,2003-08-01,33.3
precip_ganca,2003-09-01,35.1
precip_ganca,2003-10-01,54.7
precip_ganca,2003-11-01,35.7
precip_ganca,2003-12-01,15.2
precip_ganca,2004-01-01,11.5
precip_ganca,2004-02-01,26.7
precip_ganca,2004-03-01,61.8
precip_ganca,2004-04-01,55.0
precip_ganca,2004-05-01,112.0
precip_ganca,2004-06-01,53.0
precip_ganca,2004-07-01,59.3
precip_ganca,2004-08-01,32.9
precip_ganca,2004-09-01,52.4
precip_ganca,2004-10-01,36.6
precip_ganca,2004-11-01,37.2
precip_ganca,2004-12-01,6.4
precip_ganca,2005-01-01,16.0
precip_ganca,2005-02-01,20.2
precip_ganca,2005-03-01,70.5
precip_ganca,2005-04-01,51.5
precip_ganca,2005-05-01,107.5
precip_ganca,2005-06-01,78.4
precip_ganca,2005-07-01,17.3
precip_ganca,2005-08-01,43.9
precip_ganca,2005-09-01,57.1
precip_ganca,2005-10-01,55.2
precip_ganca,2005-11-01,45.3
precip_ganca,2005-12-01,15.0
precip_ganca,2006-01-01,32.5
precip_ganca,2006-02-01,30.5
precip_ganca,2006-03-01,30.4
precip_ganca,2006-04-01,76.3
precip_ganca,2006-05-01,64.0
precip_ganca,2006-06-01,19.7
precip_ganca,2006-07-01,118.4
precip_ganca,2006-08-01,8.2
precip_ganca,2006-09-01,58.0
precip_ganca,2006-10-01,59.8
precip_ganca,2006-11-01,28.9
precip_ganca,2006-12-01,12.4
precip_ganca,2007-01-01,7.4
precip_ganca,2007-02-01,20.2
precip_ganca,2007-03-01,76.7
precip_ganca,2007-04-01,102.5
precip_ganca,2007-05-01,82.4
precip_ganca,2007-06-01,93.5
precip_ganca,2007-07-01,92.1
precip_ganca,2007-08-01,42.6
precip_ganca,2007-09-01,14.8
precip_ganca,2007-10-01,60.0
precip_ganca,2007-11-01,66.0
precip_ganca,2007-12-01,10.0
precip_ganca,2008-01-01,19.8
precip_ganca,2008-02-01,13.0
precip_ganca,2008-03-01,32.2
precip_ganca,2008-04-01,84.9
precip_ganca,2008-05-01,97.5
precip_ganca,2008-06-01,126.8
precip_ganca,2008-07-01,48.6
precip_ganca,2008-08-01,67.0
precip_ganca,2008-09-01,61.8
precip_ganca,2008-10-01,46.1
precip_ganca,2008-11-01,11.5
precip_ganca,2008-12-01,17.9
precip_ganca,2009-01-01,11.5
precip_ganca,2009-02-01,27.2
precip_ganca,2009-03-01,47.3
precip_ganca,2009-04-01,78.6
precip_ganca,2009-05-01,75.7
precip_ganca,2009-06-01,116.2
precip_ganca,2009-07-01,44.2
precip_ganca,2009-08-01,98.9
precip_ganca,2009-09-01,96.2
precip_ganca,2009-10-01,25.4
precip_ganca,2009-11-01,51.9
precip_ganca,2009-12-01,24.3
precip_ganca,2010-01-01,35.5
precip_ganca,2010-02-01,53.6
precip_ganca,2010-03-01,65.0
precip_ganca,2010-04-01,118.9
precip_ganca,2010-05-01,137.3
precip_ganca,2010-06-01,105.6
precip_ganca,2010-07-01,48.7
precip_ganca,2010-08-01,26.3
precip_ganca,2010-09-01,31.0
precip_ganca,2010-10-01,82.0
precip_ganca,2010-11-01,2.7
precip_ganca,2010-12-01,1.3
precip_ganca,2011-01-01,33.6
precip_ganca,2011-02-01,52.7
precip_ganca,2011-03-01,38.9
precip_ganca,2011-04-01,74.5
precip_ganca,2011-05-01,146.3
precip_ganca,2011-06-01,79.8
precip_ganca,2011-07-01,28.7
precip_ganca,2011-08-01,105.0
precip_ganca,2011-09-01,35.5
precip_ganca,2011-10-01,78.8
precip_ganca,2011-11-01,43.3
precip_ganca,2011-12-01,9.9
precip_ganca,2012-01-01,24.0
precip_ganca,2012-02-01,18.0
precip_ganca,2012-03-01,36.5
precip_ganca,2012-04-01,53.3
precip_ganca,2012-05-01,131.2
precip_ganca,2012-06-01,73.6
precip_ganca,2012-07-01,126.4
precip_ganca,2012-08-01,9.5
precip_ganca,2012-09-01,67.3
precip_ganca,2012-10-01,38.8
precip_ganca,2012-11-01,37.2
precip_ganca,2012-12-01,38.1
precip_ganca,2013-01-01,29.9
precip_ganca,2013-02-01,26.2
precip_ganca,2013-03-01,40.4
precip_ganca,2013-04-01,66.2
precip_ganca,2013-05-01,117.7
precip_ganca,2013-06-01,86.7
precip_ganca,2013-07-01,52.3
precip_ganca,2013-08-01,70.7
precip_ganca,2013-09-01,32.8
precip_ganca,2013-10-01,37.7
precip_ganca,2013-11-01,23.3
precip_ganca,2013-12-01,17.4
precip_ganca,2014-01-01,32.3
precip_ganca,2014-02-01,10.1
precip_ganca,2014-03-01,60.5
precip_ganca,2014-04-01,72.9
precip_ganca,2014-05-01,97.9
precip_ganca,2014-06-01,65.8
precip_ganca,2014-07-01,44.9
precip_ganca,2014-08-01,22.9
precip_ganca,2014-09-01,53.7
precip_ganca,2014-10-01,41.0
precip_ganca,2014-11-01,42.4
precip_ganca,2014-12-01,14.2
precip_ganca,2015-01-01,5.9
precip_ganca,2015-02-01,36.1
precip_ganca,2015-03-01,60.7
precip_ganca,2015-04-01,80.8
precip_ganca,2015-05-01,86.4
precip_ganca,2015-06-01,72.6
precip_ganca,2015-07-01,38.6
precip_ganca,2015-08-01,46.0
precip_ganca,2015-09-01,10.9
precip_ganca,2015-10-01,89.7
precip_ganca,2015-11-01,13.7
precip_ganca,2015-12-01,22.2
precip_ganca,2016-01-01,39.4
precip_ganca,2016-02-01,30.6
precip_ganca,2016-03-01,68.9
precip_ganca,2016-04-01,66.5
precip_ganca,2016-05-01,122.1
precip_ganca,2016-06-01,91.0
precip_ganca,2016-07-01,108.6
precip_ganca,2016-08-01,13.7
precip_ganca,2016-09-01,61.8
precip_ganca,2016-10-01,63.9
precip_ganca,2016-11-01,19.1
precip_ganca,2016-12-01,20.2
precip_ganca,2017-01-01,6.1
precip_ganca,2017-02-01,11.1
precip_ganca,2017-03-01,17.4
precip_ganca,2017-04-01,26.0
precip_ganca,2017-05-01,39.1
precip_ganca,2017-06-01,23.3
precip_ganca,2017-07-01,1.1
precip_ganca,2017-08-01,0.9
precip_ganca,2017-09-01,29.7
precip_ganca,2017-10-01,53.8
precip_ganca,2017-11-01,18.9
precip_ganca,2017-12-01,4.2
precip_ganca,2018-01-01,17.4
precip_ganca,2018-02-01,37.4
precip_ganca,2018-03-01,43.8
precip_ganca,2018-04-01,38.8
precip_ganca,2018-05-01,17.8
precip_ganca,2018-06-01,44.3
precip_ganca,2018-07-01,17.2
precip_ganca,2018-08-01,23.8
precip_ganca,2018-09-01,20.7
precip_ganca,2018-10-01,12.7
precip_ganca,2018-11-01,31.5
precip_ganca,2018-12-01,15.9
precip_ganca,2019-01-01,12.2
precip_ganca,2019-02-01,27.4
precip_ganca,2019-03-01,26.2
precip_ganca,2019-04-01,41.0
precip_ganca,2019-05-01,53.2
precip_ganca,2019-06-01,6.2
precip_ganca,2019-07-01,10.3
precip_ganca,2019-08-01,18.5
precip_ganca,2019-09-01,47.5
precip_ganca,2019-10-01,2.5
precip_ganca,2019-11-01,12.7
precip_ganca,2019-12-01,7.3
precip_ganca,2020-01-01,9.4
precip_ganca,2020-02-01,9.4
precip_ganca,2020-03-01,20.9
precip_ganca,2020-04-01,77.8
precip_ganca,2020-05-01,41.1
precip_ganca,2020-06-01,4.1
precip_ganca,2020-07-01,54.3
precip_ganca,2020-08-01,43.4
precip_ganca,2020-09-01,16.6
precip_ganca,2020-10-01,15.6
precip_ganca,2020-11-01,19.3
precip_ganca,2020-12-01,23.1
precip_ganca,2021-01-01,16.1
precip_ganca,2021-02-01,19.2
precip_ganca,2021-03-01,45.1
precip_ganca,2021-04-01,10.9
precip_ganca,2021-05-01,41.8
precip_ganca,2021-06-01,4.7
precip_ganca,2021-07-01,15.7
precip_ganca,2021-08-01,1.7
precip_ganca,2021-09-01,13.9
precip_ganca,2021-10-01,34.0
precip_ganca,2021-11-01,17.6
precip_ganca,2021-12-01,10.4
precip_ganca,2022-01-01,2.0
precip_ganca,2022-02-01,6.0
precip_ganca,2022-03-01,29.5
precip_ganca,2022-04-01,24.8
precip_ganca,2022-05-01,49.9
precip_ganca,2022-06-01,34.2
precip_ganca,2022-07-01,4.0
precip_ganca,2022-08-01,7.8
precip_ganca,2022-09-01,4.6
precip_ganca,2022-10-01,33.4
precip_ganca,2022-11-01,14.5
precip_ganca,2022-12-01,15.4
precip_ganca,2023-01-01,10.3
precip_ganca,2023-02-01,17.2
precip_ganca,2023-03-01,20.0
precip_ganca,2023-04-01,30.4
precip_ganca,2023-05-01,40.5
precip_ganca,2023-06-01,91.0
precip_ganca,2023-07-01,14.0
precip_ganca,2023-08-01,59.5
precip_ganca,2023-09-01,66.4
precip_ganca,2023-10-01,34.3
precip_ganca,2023-11-01,13.9
precip_ganca,2023-12-01,28.2
precip_ganca,2024-01-01,18.8
precip_ganca,2024-02-01,22.3
precip_ganca,2024-03-01,49.4
precip_ganca,2024-04-01,20.3
precip_ganca,2024-05-01,48.0
precip_ganca,2024-06-01,48.7
precip_ganca,2024-07-01,117.2
precip_ganca,2024-08-01,15.2
precip_ganca,2024-09-01,29.7
precip_ganca,2024-10-01,74.6
precip_ganca,2024-11-01,26.5
precip_ganca,2024-12-01,6.9
precip_ganca,2025-01-01,11.4
precip_ganca,2025-02-01,8.4
precip_ganca,2025-03-01,11.3
precip_ganca,2025-04-01,64.8
precip_ganca,2025-05-01,18.1
precip_ganca,2025-06-01,26.9
precip_ganca,2025-07-01,4.2
precip_ganca,2025-08-01,2.0
precip_ganca,2025-09-01,54.6
precip_ganca,2025-10-01,17.8
precip_ganca,2025-11-01,6.5
precip_ganca,2025-12-01,12.1
precip_ganca,2026-01-01,9.8
precip_ganca,2026-02-01,26.2
precip_ganca,2026-03-01,68.9
precip_ganca,2026-04-01,44.9
precip_ganca,2026-05-01,69.2
precip_ganca,2026-06-01,49.8
precip_ganca,2026-07-01,18.5
precip_ganca,2026-08-01,31.6
precip_ganca,2026-09-01,8.5
precip_aran,1960-01-01,17.3
precip_aran,1960-02-01,41.1
precip_aran,1960-03-01,46.3
precip_aran,1960-04-01,47.8
precip_aran,1960-05-01,15.3
precip_aran,1960-06-01,19.5
precip_aran,1960-07-01,4.7
precip_aran,1960-08-01,3.6
precip_aran,1960-09-01,12.5
precip_aran,1960-10-01,19.4
precip_aran,1960-11-01,28.1
precip_aran,1960-12-01,15.0
precip_aran,1961-01-01,28.9
precip_aran,1961-02-01,26.3
precip_aran,1961-03-01,7.7
precip_aran,1961-04-01,33.8
precip_aran,1961-05-01,20.3
precip_aran,1961-06-01,24.6
precip_aran,1961-07-01,2.0
precip_aran,1961-08-01,36.5
precip_aran,1961-09-01,28.9
precip_aran,1961-10-01,74.2
precip_aran,1961-11-01,31.9
precip_aran,1961-12-01,13.5
precip_aran,1962-01-01,8.1
precip_aran,1962-02-01,35.1
precip_aran,1962-03-01,21.7
precip_aran,1962-04-01,78.2
precip_aran,1962-05-01,9.8
precip_aran,1962-06-01,37.0
precip_aran,1962-07-01,4.8
precip_aran,1962-08-01,35.9
precip_aran,1962-09-01,31.9
precip_aran,1962-10-01,72.9
precip_aran,1962-11-01,44.4
precip_aran,1962-12-01,31.7
precip_aran,1963-01-01,33.2
precip_aran,1963-02-01,29.6
precip_aran,1963-03-01,50.4
precip_aran,1963-04-01,59.8
precip_aran,1963-05-01,67.2
precip_aran,1963-06-01,68.4
precip_aran,1963-07-01,30.4
precip_aran,1963-08-01,82.6
precip_aran,1963-09-01,55.0
precip_aran,1963-10-01,55.0
precip_aran,1963-11-01,36.1
precip_aran,1963-12-01,58.5
precip_aran,1964-01-01,26.1
precip_aran,1964-02-01,26.3
precip_aran,1964-03-01,47.2
precip_aran,1964-04-01,60.8
precip_aran,1964-05-01,20.1
precip_aran,1964-06-01,41.3
precip_aran,1964-07-01,8.2
precip_aran,1964-08-01,7.2
precip_aran,1964-09-01,4.6
precip_aran,1964-10-01,20.2
precip_aran,1964-11-01,9.5
precip_aran,1964-12-01,7.5
precip_aran,1965-01-01,27.8
precip_aran,1965-02-01,7.4
precip_aran,1965-03-01,30.7
precip_aran,1965-04-01,22.8
precip_aran,1965-05-01,40.6
precip_aran,1965-06-01,34.7
precip_aran,1965-07-01,31.3
precip_aran,1965-08-01,27.1
precip_aran,1965-09-01,33.8
precip_aran,1965-10-01,81.3
precip_aran,1965-11-01,13.7
precip_aran,1965-12-01,8.6
precip_aran,1966-01-01,25.1
precip_aran,1966-02-01,27.1
precip_aran,1966-03-01,58.3
precip_aran,1966-04-01,55.7
precip_aran,1966-05-01,82.8
precip_aran,1966-06-01,24.6
precip_aran,1966-07-01,3.4
precip_aran,1966-08-01,4.1
precip_aran,1966-09-01,58.1
precip_aran,1966-10-01,37.9
precip_aran,1966-11-01,27.7
precip_aran,1966-12-01,46.0
precip_aran,1967-01-01,10.0
precip_aran,1967-02-01,38.5
precip_aran,1967-03-01,62.9
precip_aran,1967-04-01,50.9
precip_aran,1967-05-01,40.8
precip_aran,1967-06-01,17.1
precip_aran,1967-07-01,7.6
precip_aran,1967-08-01,1.5
precip_aran,1967-09-01,61.8
precip_aran,1967-10-01,44.0
precip_aran,1967-11-01,30.7
precip_aran,1967-12-01,9.6
precip_aran,1968-01-01,16.2
precip_aran,1968-02-01,25.2
precip_aran,1968-03-01,44.4
precip_aran,1968-04-01,33.1
precip_aran,1968-05-01,5.9
precip_aran,1968-06-01,57.0
precip_aran,1968-07-01,11.7
precip_aran,1968-08-01,4.7
precip_aran,1968-09-01,13.2
precip_aran,1968-10-01,25.3
precip_aran,1968-11-01,18.8
precip_aran,1968-12-01,27.9
precip_aran,1969-01-01,50.7
precip_aran,1969-02-01,45.5
precip_aran,1969-03-01,73.9
precip_aran,1969-04-01,94.5
precip_aran,1969-05-01,59.7
precip_aran,1969-06-01,45.2
precip_aran,1969-07-01,36.5
precip_aran,1969-08-01,1.4
precip_aran,1969-09-01,31.3
precip_aran,1969-10-01,49.3
precip_aran,1969-11-01,24.0
precip_aran,1969-12-01,33.8
precip_aran,1970-01-01,37.0
precip_aran,1970-02-01,16.1
precip_aran,1970-03-01,41.7
precip_aran,1970-04-01,44.1
precip_aran,1970-05-01,9.8
precip_aran,1970-06-01,12.1
precip_aran,1970-07-01,2.2
precip_aran,1970-08-01,11.8
precip_aran,1970-09-01,7.8
precip_aran,1970-10-01,36.9
precip_aran,1970-11-01,16.4
precip_aran,1970-12-01,43.6
precip_aran,1971-01-01,12.9
precip_aran,1971-02-01,8.9
precip_aran,1971-03-01,37.9
precip_aran,1971-04-01,42.6
precip_aran,1971-05-01,13.6
precip_aran,1971-06-01,16.6
precip_aran,1971-07-01,3.1
precip_aran,1971-08-01,1.2
precip_aran,1971-09-01,40.1
precip_aran,1971-10-01,27.7
precip_aran,1971-11-01,19.7
precip_aran,1971-12-01,49.0
precip_aran,1972-01-01,25.5
precip_aran,1972-02-01,25.8
precip_aran,1972-03-01,44.6
precip_aran,1972-04-01,8.6
precip_aran,1972-05-01,124.3
precip_aran,1972-06-01,28.9
precip_aran,1972-07-01,22.4
precip_aran,1972-08-01,18.5
precip_aran,1972-09-01,34.7
precip_aran,1972-10-01,31.3
precip_aran,1972-11-01,24.0
precip_aran,1972-12-01,19.9
precip_aran,1973-01-01,38.1
precip_aran,1973-02-01,23.1
precip_aran,1973-03-01,81.6
precip_aran,1973-04-01,80.1
precip_aran,1973-05-01,37.4
precip_aran,1973-06-01,30.5
precip_aran,1973-07-01,3.1
precip_aran,1973-08-01,22.7
precip_aran,1973-09-01,8.0
precip_aran,1973-10-01,23.1
precip_aran,1973-11-01,57.8
precip_aran,1973-12-01,10.4
precip_aran,1974-01-01,40.9
precip_aran,1974-02-01,21.9
precip_aran,1974-03-01,75.0
precip_aran,1974-04-01,61.5
precip_aran,1974-05-01,23.1
precip_aran,1974-06-01,25.0
precip_aran,1974-07-01,21.5
precip_aran,1974-08-01,14.1
precip_aran,1974-09-01,20.6
precip_aran,1974-10-01,0.3
precip_aran,1974-11-01,38.0
precip_aran,1974-12-01,21.4
precip_aran,1975-01-01,6.1
precip_aran,1975-02-01,64.3
precip_aran,1975-03-01,27.8
precip_aran,1975-04-01,24.3
precip_aran,1975-05-01,32.2
precip_aran,1975-06-01,27.5
precip_aran,1975-07-01,3.6
precip_aran,1975-08-01,4.0
precip_aran,1975-09-01,50.7
precip_aran,1975-10-01,55.4
precip_aran,1975-11-01,35.0
precip_aran,1975-12-01,34.5
precip_aran,1976-01-01,10.3
precip_aran,1976-02-01,25.8
precip_aran,1976-03-01,17.9
precip_aran,1976-04-01,33.2
precip_aran,1976-05-01,50.0
precip_aran,1976-06-01,4.6
precip_aran,1976-07-01,6.4
precip_aran,1976-08-01,0.0
precip_aran,1976-09-01,39.5
precip_aran,1976-10-01,60.8
precip_aran,1976-11-01,13.0
precip_aran,1976-12-01,40.9
precip_aran,1977-01-01,28.9
precip_aran,1977-02-01,28.0
precip_aran,1977-03-01,37.9
precip_aran,1977-04-01,32.1
precip_aran,1977-05-01,15.6
precip_aran,1977-06-01,39.6
precip_aran,1977-07-01,16.8
precip_aran,1977-08-01,27.9
precip_aran,1977-09-01,16.5
precip_aran,1977-10-01,83.8
precip_aran,1977-11-01,19.8
precip_aran,1977-12-01,26.7
precip_aran,1978-01-01,27.2
precip_aran,1978-02-01,35.6
precip_aran,1978-03-01,26.6
precip_aran,1978-04-01,45.0
precip_aran,1978-05-01,90.6
precip_aran,1978-06-01,73.4
precip_aran,1978-07-01,2.6
precip_aran,1978-08-01,0.0
precip_aran,1978-09-01,3.2
precip_aran,1978-10-01,10.4
precip_aran,1978-11-01,92.5
precip_aran,1978-12-01,25.2
precip_aran,1979-01-01,17.1
precip_aran,1979-02-01,46.5
precip_aran,1979-03-01,32.6
precip_aran,1979-04-01,31.7
precip_aran,1979-05-01,54.7
precip_aran,1979-06-01,30.8
precip_aran,1979-07-01,5.9
precip_aran,1979-08-01,0.0
precip_aran,1979-09-01,10.8
precip_aran,1979-10-01,52.7
precip_aran,1979-11-01,38.9
precip_aran,1979-12-01,20.5
precip_aran,1980-01-01,41.8
precip_aran,1980-02-01,34.4
precip_aran,1980-03-01,49.6
precip_aran,1980-04-01,46.5
precip_aran,1980-05-01,66.3
precip_aran,1980-06-01,35.8
precip_aran,1980-07-01,0.1
precip_aran,1980-08-01,14.3
precip_aran,1980-09-01,50.2
precip_aran,1980-10-01,48.9
precip_aran,1980-11-01,43.3
precip_aran,1980-12-01,23.7
precip_aran,1981-01-01,7.9
precip_aran,1981-02-01,28.9
precip_aran,1981-03-01,71.6
precip_aran,1981-04-01,53.2
precip_aran,1981-05-01,89.7
precip_aran,1981-06-01,62.2
precip_aran,1981-07-01,73.6
precip_aran,1981-08-01,50.2
precip_aran,1981-09-01,20.2
precip_aran,1981-10-01,30.8
precip_aran,1981-11-01,60.3
precip_aran,1981-12-01,30.3
precip_aran,1982-01-01,30.7
precip_aran,1982-02-01,38.0
precip_aran,1982-03-01,56.1
precip_aran,1982-04-01,44.4
precip_aran,1982-05-01,45.2
precip_aran,1982-06-01,39.5
precip_aran,1982-07-01,42.7
precip_aran,1982-08-01,20.3
precip_aran,1982-09-01,25.4
precip_aran,1982-10-01,73.3
precip_aran,1982-11-01,76.2
precip_aran,1982-12-01,3.9
precip_aran,1983-01-01,21.4
precip_aran,1983-02-01,12.3
precip_aran,1983-03-01,20.6
precip_aran,1983-04-01,55.6
precip_aran,1983-05-01,31.9
precip_aran,1983-06-01,7.8
precip_aran,1983-07-01,8.4
precip_aran,1983-08-01,23.6
precip_aran,1983-09-01,51.6
precip_aran,1983-10-01,9.6
precip_aran,1983-11-01,11.9
precip_aran,1983-12-01,12.4
precip_aran,1984-01-01,27.0
precip_aran,1984-02-01,28.6
precip_aran,1984-03-01,30.7
precip_aran,1984-04-01,43.9
precip_aran,1984-05-01,58.4
precip_aran,1984-06-01,1.8
precip_aran,1984-07-01,7.0
precip_aran,1984-08-01,39.0
precip_aran,1984-09-01,2.3
precip_aran,1984-10-01,86.4
precip_aran,1984-11-01,16.4
precip_aran,1984-12-01,31.1
precip_aran,1985-01-01,21.0
precip_aran,1985-02-01,51.5
precip_aran,1985-03-01,41.0
precip_aran,1985-04-01,62.6
precip_aran,1985-05-01,7.0
precip_aran,1985-06-01,2.5
precip_aran,1985-07-01,3.8
precip_aran,1985-08-01,8.1
precip_aran,1985-09-01,0.1
precip_aran,1985-10-01,40.6
precip_aran,1985-11-01,22.0
precip_aran,1985-12-01,36.1
precip_aran,1986-01-01,20.1
precip_aran,1986-02-01,30.1
precip_aran,1986-03-01,14.8
precip_aran,1986-04-01,13.5
precip_aran,1986-05-01,23.6
precip_aran,1986-06-01,39.2
precip_aran,1986-07-01,0.3
precip_aran,1986-08-01,13.1
precip_aran,1986-09-01,18.7
precip_aran,1986-10-01,14.9
precip_aran,1986-11-01,57.5
precip_aran,1986-12-01,8.8
precip_aran,1987-01-01,9.7
precip_aran,1987-02-01,26.2
precip_aran,1987-03-01,62.8
precip_aran,1987-04-01,19.5
precip_aran,1987-05-01,14.4
precip_aran,1987-06-01,3.5
precip_aran,1987-07-01,19.6
precip_aran,1987-08-01,6.7
precip_aran,1987-09-01,21.5
precip_aran,1987-10-01,93.2
precip_aran,1987-11-01,5.5
precip_aran,1987-12-01,41.4
precip_aran,1988-01-01,18.1
precip_aran,1988-02-01,23.9
precip_aran,1988-03-01,50.7
precip_aran,1988-04-01,46.0
precip_aran,1988-05-01,70.4
precip_aran,1988-06-01,29.5
precip_aran,1988-07-01,29.9
precip_aran,1988-08-01,37.9
precip_aran,1988-09-01,12.2
precip_aran,1988-10-01,20.7
precip_aran,1988-11-01,26.7
precip_aran,1988-12-01,33.4
precip_aran,1989-01-01,15.0
precip_aran,1989-02-01,12.1
precip_aran,1989-03-01,27.5
precip_aran,1989-04-01,9.5
precip_aran,1989-05-01,21.7
precip_aran,1989-06-01,1.6
precip_aran,1989-07-01,7.4
precip_aran,1989-08-01,24.7
precip_aran,1989-09-01,46.0
precip_aran,1989-10-01,53.3
precip_aran,1989-11-01,15.2
precip_aran,1989-12-01,27.3
precip_aran,1990-01-01,46.3
precip_aran,1990-02-01,21.6
precip_aran,1990-03-01,16.9
precip_aran,1990-04-01,95.8
precip_aran,1990-05-01,37.1
precip_aran,1990-06-01,15.5
precip_aran,1990-07-01,6.7
precip_aran,1990-08-01,26.0
precip_aran,1990-09-01,9.2
precip_aran,1990-10-01,68.7
precip_aran,1990-11-01,22.2
precip_aran,1990-12-01,18.4
precip_aran,1991-01-01,34.3
precip_aran,1991-02-01,38.0
precip_aran,1991-03-01,98.1
precip_aran,1991-04-01,33.1
precip_aran,1991-05-01,48.9
precip_aran,1991-06-01,9.2
precip_aran,1991-07-01,9.2
precip_aran,1991-08-01,20.1
precip_aran,1991-09-01,0.1
precip_aran,1991-10-01,8.1
precip_aran,1991-11-01,40.0
precip_aran,1991-12-01,35.6
precip_aran,1992-01-01,9.3
precip_aran,1992-02-01,36.7
precip_aran,1992-03-01,22.3
precip_aran,1992-04-01,44.4
precip_aran,1992-05-01,56.4
precip_aran,1992-06-01,37.9
precip_aran,1992-07-01,30.8
precip_aran,1992-08-01,20.3
precip_aran,1992-09-01,21.7
precip_aran,1992-10-01,25.5
precip_aran,1992-11-01,59.2
precip_aran,1992-12-01,53.4
precip_aran,1993-01-01,13.1
precip_aran,1993-02-01,28.5
precip_aran,1993-03-01,13.0
precip_aran,1993-04-01,19.9
precip_aran,1993-05-01,63.2
precip_aran,1993-06-01,109.5
precip_aran,1993-07-01,6.6
precip_aran,1993-08-01,17.3
precip_aran,1993-09-01,22.3
precip_aran,1993-10-01,21.0
precip_aran,1993-11-01,66.6
precip_aran,1993-12-01,2.2
precip_aran,1994-01-01,8.2
precip_aran,1994-02-01,23.9
precip_aran,1994-03-01,37.0
precip_aran,1994-04-01,50.6
precip_aran,1994-05-01,64.7
precip_aran,1994-06-01,43.7
precip_aran,1994-07-01,6.3
precip_aran,1994-08-01,5.5
precip_aran,1994-09-01,0.8
precip_aran,1994-10-01,46.7
precip_aran,1994-11-01,54.6
precip_aran,1994-12-01,43.2
precip_aran,1995-01-01,20.8
precip_aran,1995-02-01,9.2
precip_aran,1995-03-01,28.7
precip_aran,1995-04-01,25.6
precip_aran,1995-05-01,19.1
precip_aran,1995-06-01,30.4
precip_aran,1995-07-01,2.2
precip_aran,1995-08-01,5.2
precip_aran,1995-09-01,181.8
precip_aran,1995-10-01,10.1
precip_aran,1995-11-01,19.7
precip_aran,1995-12-01,13.7
precip_aran,1996-01-01,16.7
precip_aran,1996-02-01,12.4
precip_aran,1996-03-01,42.9
precip_aran,1996-04-01,32.1
precip_aran,1996-05-01,26.7
precip_aran,1996-06-01,13.6
precip_aran,1996-07-01,4.7
precip_aran,1996-08-01,0.7
precip_aran,1996-09-01,14.9
precip_aran,1996-10-01,62.1
precip_aran,1996-11-01,4.8
precip_aran,1996-12-01,22.0
precip_aran,1997-01-01,15.2
precip_aran,1997-02-01,44.1
precip_aran,1997-03-01,43.8
precip_aran,1997-04-01,8.9
precip_aran,1997-05-01,29.7
precip_aran,1997-06-01,51.1
precip_aran,1997-07-01,37.9
precip_aran,1997-08-01,0.0
precip_aran,1997-09-01,102.0
precip_aran,1997-10-01,19.3
precip_aran,1997-11-01,2.6
precip_aran,1997-12-01,30.1
precip_aran,1998-01-01,14.3
precip_aran,1998-02-01,25.0
precip_aran,1998-03-01,40.8
precip_aran,1998-04-01,37.5
precip_aran,1998-05-01,16.7
precip_aran,1998-06-01,18.2
precip_aran,1998-07-01,3.2
precip_aran,1998-08-01,22.3
precip_aran,1998-09-01,23.4
precip_aran,1998-10-01,42.9
precip_aran,1998-11-01,38.9
precip_aran,1998-12-01,14.5
precip_aran,1999-01-01,4.0
precip_aran,1999-02-01,5.8
precip_aran,1999-03-01,50.2
precip_aran,1999-04-01,32.5
precip_aran,1999-05-01,34.4
precip_aran,1999-06-01,0.4
precip_aran,1999-07-01,5.3
precip_aran,1999-08-01,12.9
precip_aran,1999-09-01,68.4
precip_aran,1999-10-01,20.2
precip_aran,1999-11-01,33.8
precip_aran,1999-12-01,5.7
precip_aran,2000-01-01,45.1
precip_aran,2000-02-01,19.0
precip_aran,2000-03-01,34.4
precip_aran,2000-04-01,26.0
precip_aran,2000-05-01,43.3
precip_aran,2000-06-01,16.9
precip_aran,2000-07-01,0.2
precip_aran,2000-08-01,4.2
precip_aran,2000-09-01,33.8
precip_aran,2000-10-01,72.2
precip_aran,2000-11-01,31.1
precip_aran,2000-12-01,18.2
precip_aran,2001-01-01,15.1
precip_aran,2001-02-01,10.2
precip_aran,2001-03-01,59.0
precip_aran,2001-04-01,58.1
precip_aran,2001-05-01,65.0
precip_aran,2001-06-01,8.2
precip_aran,2001-07-01,0.2
precip_aran,2001-08-01,17.9
precip_aran,2001-09-01,3.1
precip_aran,2001-10-01,54.9
precip_aran,2001-11-01,15.9
precip_aran,2001-12-01,54.4
precip_aran,2002-01-01,18.9
precip_aran,2002-02-01,11.1
precip_aran,2002-03-01,52.7
precip_aran,2002-04-01,83.7
precip_aran,2002-05-01,48.9
precip_aran,2002-06-01,31.1
precip_aran,2002-07-01,0.1
precip_aran,2002-08-01,0.0
precip_aran,2002-09-01,27.2
precip_aran,2002-10-01,46.6
precip_aran,2002-11-01,7.1
precip_aran,2002-12-01,36.8
precip_aran,2003-01-01,15.4
precip_aran,2003-02-01,52.6
precip_aran,2003-03-01,99.6
precip_aran,2003-04-01,79.0
precip_aran,2003-05-01,33.9
precip_aran,2003-06-01,45.6
precip_aran,2003-07-01,10.8
precip_aran,2003-08-01,2.2
precip_aran,2003-09-01,15.9
precip_aran,2003-10-01,25.6
precip_aran,2003-11-01,49.6
precip_aran,2003-12-01,17.2
precip_aran,2004-01-01,16.9
precip_aran,2004-02-01,47.8
precip_aran,2004-03-01,43.9
precip_aran,2004-04-01,51.3
precip_aran,2004-05-01,40.3
precip_aran,2004-06-01,8.9
precip_aran,2004-07-01,16.8
precip_aran,2004-08-01,0.9
precip_aran,2004-09-01,23.8
precip_aran,2004-10-01,42.0
precip_aran,2004-11-01,47.7
precip_aran,2004-12-01,10.1
precip_aran,2005-01-01,13.4
precip_aran,2005-02-01,26.6
precip_aran,2005-03-01,35.7
precip_aran,2005-04-01,20.0
precip_aran,2005-05-01,25.5
precip_aran,2005-06-01,17.7
precip_aran,2005-07-01,0.0
precip_aran,2005-08-01,4.5
precip_aran,2005-09-01,15.2
precip_aran,2005-10-01,34.9
precip_aran,2005-11-01,86.9
precip_aran,2005-12-01,30.4
precip_aran,2006-01-01,48.7
precip_aran,2006-02-01,37.5
precip_aran,2006-03-01,22.3
precip_aran,2006-04-01,39.3
precip_aran,2006-05-01,20.8
precip_aran,2006-06-01,0.0
precip_aran,2006-07-01,8.9
precip_aran,2006-08-01,0.5
precip_aran,2006-09-01,48.0
precip_aran,2006-10-01,42.6
precip_aran,2006-11-01,28.8
precip_aran,2006-12-01,9.7
precip_aran,2007-01-01,3.8
precip_aran,2007-02-01,17.7
precip_aran,2007-03-01,48.0
precip_aran,2007-04-01,64.1
precip_aran,2007-05-01,17.7
precip_aran,2007-06-01,14.0
precip_aran,2007-07-01,23.4
precip_aran,2007-08-01,2.3
precip_aran,2007-09-01,1.6
precip_aran,2007-10-01,29.7
precip_aran,2007-11-01,68.2
precip_aran,2007-12-01,31.1
precip_aran,2008-01-01,24.6
precip_aran,2008-02-01,17.2
precip_aran,2008-03-01,17.0
precip_aran,2008-04-01,19.1
precip_aran,2008-05-01,52.4
precip_aran,2008-06-01,19.5
precip_aran,2008-07-01,11.1
precip_aran,2008-08-01,0.8
precip_aran,2008-09-01,37.0
precip_aran,2008-10-01,29.7
precip_aran,2008-11-01,10.5
precip_aran,2008-12-01,21.1
precip_aran,2009-01-01,16.4
precip_aran,2009-02-01,30.2
precip_aran,2009-03-01,34.4
precip_aran,2009-04-01,52.6
precip_aran,2009-05-01,5.4
precip_aran,2009-06-01,5.4
precip_aran,2009-07-01,2.9
precip_aran,2009-08-01,41.0
precip_aran,2009-09-01,126.3
precip_aran,2009-10-01,15.2
precip_aran,2009-11-01,59.4
precip_aran,2009-12-01,32.7
precip_aran,2010-01-01,36.4
precip_aran,2010-02-01,39.7
precip_aran,2010-03-01,41.9
precip_aran,2010-04-01,97.4
precip_aran,2010-05-01,54.9
precip_aran,2010-06-01,8.0
precip_aran,2010-07-01,3.3
precip_aran,2010-08-01,18.8
precip_aran,2010-09-01,28.9
precip_aran,2010-10-01,47.9
precip_aran,2010-11-01,1.9
precip_aran,2010-12-01,1.8
precip_aran,2011-01-01,33.3
precip_aran,2011-02-01,65.8
precip_aran,2011-03-01,15.3
precip_aran,2011-04-01,37.0
precip_aran,2011-05-01,59.4
precip_aran,2011-06-01,61.2
precip_aran,2011-07-01,0.0
precip_aran,2011-08-01,48.8
precip_aran,2011-09-01,22.6
precip_aran,2011-10-01,94.8
precip_aran,2011-11-01,34.9
precip_aran,2011-12-01,10.9
precip_aran,2012-01-01,34.6
precip_aran,2012-02-01,17.7
precip_aran,2012-03-01,42.1
precip_aran,2012-04-01,19.8
precip_aran,2012-05-01,38.3
precip_aran,2012-06-01,31.4
precip_aran,2012-07-01,9.9
precip_aran,2012-08-01,0.0
precip_aran,2012-09-01,41.9
precip_aran,2012-10-01,23.8
precip_aran,2012-11-01,30.7
precip_aran,2012-12-01,38.2
precip_aran,2013-01-01,43.1
precip_aran,2013-02-01,54.1
precip_aran,2013-03-01,10.7
precip_aran,2013-04-01,14.9
precip_aran,2013-05-01,43.6
precip_aran,2013-06-01,24.2
precip_aran,2013-07-01,10.3
precip_aran,2013-08-01,14.8
precip_aran,2013-09-01,43.8
precip_aran,2013-10-01,52.3
precip_aran,2013-11-01,18.8
precip_aran,2013-12-01,19.5
precip_aran,2014-01-01,19.7
precip_aran,2014-02-01,15.8
precip_aran,2014-03-01,17.5
precip_aran,2014-04-01,13.9
precip_aran,2014-05-01,14.7
precip_aran,2014-06-01,12.6
precip_aran,2014-07-01,0.0
precip_aran,2014-08-01,0.5
precip_aran,2014-09-01,13.6
precip_aran,2014-10-01,36.0
precip_aran,2014-11-01,74.3
precip_aran,2014-12-01,16.3
precip_aran,2015-01-01,25.9
precip_aran,2015-02-01,67.4
precip_aran,2015-03-01,58.5
precip_aran,2015-04-01,35.0
precip_aran,2015-05-01,24.3
precip_aran,2015-06-01,0.3
precip_aran,2015-07-01,6.4
precip_aran,2015-08-01,3.0
precip_aran,2015-09-01,20.1
precip_aran,2015-10-01,108.0
precip_aran,2015-11-01,14.5
precip_aran,2015-12-01,32.2
precip_aran,2016-01-01,71.5
precip_aran,2016-02-01,32.7
precip_aran,2016-03-01,54.1
precip_aran,2016-04-01,15.5
precip_aran,2016-05-01,51.0
precip_aran,2016-06-01,21.6
precip_aran,2016-07-01,18.7
precip_aran,2016-08-01,0.0
precip_aran,2016-09-01,38.8
precip_aran,2016-10-01,59.9
precip_aran,2016-11-01,15.7
precip_aran,2016-12-01,29.9
precip_aran,2017-01-01,11.5
precip_aran,2017-02-01,21.7
precip_aran,2017-03-01,20.4
precip_aran,2017-04-01,31.0
precip_aran,2017-05-01,48.7
precip_aran,2017-06-01,50.2
precip_aran,2017-07-01,0.2
precip_aran,2017-08-01,5.2
precip_aran,2017-09-01,7.5
precip_aran,2017-10-01,39.5
precip_aran,2017-11-01,25.2
precip_aran,2017-12-01,5.0
precip_aran,2018-01-01,35.7
precip_aran,2018-02-01,40.5
precip_aran,2018-03-01,50.1
precip_aran,2018-04-01,19.4
precip_aran,2018-05-01,30.1
precip_aran,2018-06-01,21.7
precip_aran,2018-07-01,4.3
precip_aran,2018-08-01,6.9
precip_aran,2018-09-01,28.7
precip_aran,2018-10-01,14.2
precip_aran,2018-11-01,55.6
precip_aran,2018-12-01,32.8
precip_aran,2019-01-01,31.4
precip_aran,2019-02-01,35.8
precip_aran,2019-03-01,57.9
precip_aran,2019-04-01,48.8
precip_aran,2019-05-01,29.9
precip_aran,2019-06-01,2.1
precip_aran,2019-07-01,1.2
precip_aran,2019-08-01,27.1
precip_aran,2019-09-01,43.5
precip_aran,2019-10-01,7.8
precip_aran,2019-11-01,17.8
precip_aran,2019-12-01,9.5
precip_aran,2020-01-01,18.7
precip_aran,2020-02-01,18.5
precip_aran,2020-03-01,38.5
precip_aran,2020-04-01,51.5
precip_aran,2020-05-01,31.1
precip_aran,2020-06-01,5.4
precip_aran,2020-07-01,16.6
precip_aran,2020-08-01,27.4
precip_aran,2020-09-01,10.4
precip_aran,2020-10-01,12.6
precip_aran,2020-11-01,36.6
precip_aran,2020-12-01,23.4
precip_aran,2021-01-01,25.9
precip_aran,2021-02-01,25.3
precip_aran,2021-03-01,47.1
precip_aran,2021-04-01,12.7
precip_aran,2021-05-01,36.2
precip_aran,2021-06-01,1.4
precip_aran,2021-07-01,4.0
precip_aran,2021-08-01,7.1
precip_aran,2021-09-01,20.8
precip_aran,2021-10-01,37.9
precip_aran,2021-11-01,6.4
precip_aran,2021-12-01,6.4
precip_aran,2022-01-01,6.3
precip_aran,2022-02-01,9.9
precip_aran,2022-03-01,61.3
precip_aran,2022-04-01,13.5
precip_aran,2022-05-01,56.6
precip_aran,2022-06-01,5.5
precip_aran,2022-07-01,12.4
precip_aran,2022-08-01,6.5
precip_aran,2022-09-01,3.5
precip_aran,2022-10-01,25.9
precip_aran,2022-11-01,25.4
precip_aran,2022-12-01,11.7
precip_aran,2023-01-01,17.4
precip_aran,2023-02-01,15.4
precip_aran,2023-03-01,19.6
precip_aran,2023-04-01,25.1
precip_aran,2023-05-01,51.9
precip_aran,2023-06-01,33.1
precip_aran,2023-07-01,11.0
precip_aran,2023-08-01,22.6
precip_aran,2023-09-01,63.5
precip_aran,2023-10-01,70.1
precip_aran,2023-11-01,14.7
precip_aran,2023-12-01,23.6
precip_aran,2024-01-01,38.7
precip_aran,2024-02-01,7.6
precip_aran,2024-03-01,62.8
precip_aran,2024-04-01,22.2
precip_aran,2024-05-01,63.0
precip_aran,2024-06-01,72.7
precip_aran,2024-07-01,37.2
precip_aran,2024-08-01,2.9
precip_aran,2024-09-01,2.6
precip_aran,2024-10-01,37.0
precip_aran,2024-11-01,25.3
precip_aran,2024-12-01,12.0
precip_aran,2025-01-01,3.1
precip_aran,2025-02-01,40.0
precip_aran,2025-03-01,6.1
precip_aran,2025-04-01,53.7
precip_aran,2025-05-01,21.1
precip_aran,2025-06-01,27.2
precip_aran,2025-07-01,1.9
precip_aran,2025-08-01,23.7
precip_aran,2025-09-01,47.4
precip_aran,2025-10-01,26.1
precip_aran,2025-11-01,4.7
precip_aran,2025-12-01,23.7
precip_aran,2026-01-01,50.0
precip_aran,2026-02-01,28.0
precip_aran,2026-03-01,63.6
precip_aran,2026-04-01,28.7
precip_aran,2026-05-01,42.6
precip_aran,2026-06-01,33.5
precip_aran,2026-07-01,20.8
precip_aran,2026-08-01,6.1
precip_aran,2026-09-01,10.3
precip_seki,1960-01-01,22.6
precip_seki,1960-02-01,45.3
precip_seki,1960-03-01,56.0
precip_seki,1960-04-01,87.5
precip_seki,1960-05-01,67.9
precip_seki,1960-06-01,101.9
precip_seki,1960-07-01,82.3
precip_seki,1960-08-01,51.3
precip_seki,1960-09-01,46.3
precip_seki,1960-10-01,35.7
precip_seki,1960-11-01,31.0
precip_seki,1960-12-01,8.9
precip_seki,1961-01-01,23.7
precip_seki,1961-02-01,23.3
precip_seki,1961-03-01,36.4
precip_seki,1961-04-01,74.5
precip_seki,1961-05-01,69.0
precip_seki,1961-06-01,41.4
precip_seki,1961-07-01,51.6
precip_seki,1961-08-01,48.4
precip_seki,1961-09-01,58.9
precip_seki,1961-10-01,55.2
precip_seki,1961-11-01,55.9
precip_seki,1961-12-01,15.0
precip_seki,1962-01-01,16.8
precip_seki,1962-02-01,40.6
precip_seki,1962-03-01,48.9
precip_seki,1962-04-01,94.9
precip_seki,1962-05-01,69.6
precip_seki,1962-06-01,125.0
precip_seki,1962-07-01,29.0
precip_seki,1962-08-01,35.9
precip_seki,1962-09-01,59.0
precip_seki,1962-10-01,79.2
precip_seki,1962-11-01,37.2
precip_seki,1962-12-01,42.6
precip_seki,1963-01-01,28.6
precip_seki,1963-02-01,32.9
precip_seki,1963-03-01,66.3
precip_seki,1963-04-01,126.8
precip_seki,1963-05-01,170.0
precip_seki,1963-06-01,125.2
precip_seki,1963-07-01,135.0
precip_seki,1963-08-01,79.4
precip_seki,1963-09-01,82.2
precip_seki,1963-10-01,92.2
precip_seki,1963-11-01,45.7
precip_seki,1963-12-01,53.5
precip_seki,1964-01-01,29.6
precip_seki,1964-02-01,31.5
precip_seki,1964-03-01,61.4
precip_seki,1964-04-01,125.0
precip_seki,1964-05-01,56.6
precip_seki,1964-06-01,122.0
precip_seki,1964-07-01,132.6
precip_seki,1964-08-01,104.5
precip_seki,1964-09-01,33.9
precip_seki,1964-10-01,32.1
precip_seki,1964-11-01,34.5
precip_seki,1964-12-01,3.5
precip_seki,1965-01-01,14.1
precip_seki,1965-02-01,28.4
precip_seki,1965-03-01,66.9
precip_seki,1965-04-01,83.7
precip_seki,1965-05-01,104.6
precip_seki,1965-06-01,97.8
precip_seki,1965-07-01,95.1
precip_seki,1965-08-01,68.6
precip_seki,1965-09-01,73.4
precip_seki,1965-10-01,136.3
precip_seki,1965-11-01,28.3
precip_seki,1965-12-01,17.5
precip_seki,1966-01-01,22.1
precip_seki,1966-02-01,14.7
precip_seki,1966-03-01,70.5
precip_seki,1966-04-01,100.5
precip_seki,1966-05-01,109.6
precip_seki,1966-06-01,55.0
precip_seki,1966-07-01,49.4
precip_seki,1966-08-01,30.0
precip_seki,1966-09-01,75.8
precip_seki,1966-10-01,39.0
precip_seki,1966-11-01,36.1
precip_seki,1966-12-01,18.1
precip_seki,1967-01-01,27.5
precip_seki,1967-02-01,50.4
precip_seki,1967-03-01,64.2
precip_seki,1967-04-01,119.5
precip_seki,1967-05-01,106.5
precip_seki,1967-06-01,57.7
precip_seki,1967-07-01,145.8
precip_seki,1967-08-01,39.3
precip_seki,1967-09-01,114.5
precip_seki,1967-10-01,31.4
precip_seki,1967-11-01,39.6
precip_seki,1967-12-01,37.1
precip_seki,1968-01-01,31.8
precip_seki,1968-02-01,36.3
precip_seki,1968-03-01,51.5
precip_seki,1968-04-01,90.1
precip_seki,1968-05-01,72.0
precip_seki,1968-06-01,154.4
precip_seki,1968-07-01,51.0
precip_seki,1968-08-01,64.0
precip_seki,1968-09-01,53.8
precip_seki,1968-10-01,34.9
precip_seki,1968-11-01,12.5
precip_seki,1968-12-01,44.0
precip_seki,1969-01-01,41.0
precip_seki,1969-02-01,30.3
precip_seki,1969-03-01,52.5
precip_seki,1969-04-01,102.8
precip_seki,1969-05-01,124.6
precip_seki,1969-06-01,97.8
precip_seki,1969-07-01,112.3
precip_seki,1969-08-01,32.2
precip_seki,1969-09-01,62.2
precip_seki,1969-10-01,36.9
precip_seki,1969-11-01,41.1
precip_seki,1969-12-01,28.1
precip_seki,1970-01-01,18.9
precip_seki,1970-02-01,26.7
precip_seki,1970-03-01,45.3
precip_seki,1970-04-01,66.0
precip_seki,1970-05-01,100.5
precip_seki,1970-06-01,85.5
precip_seki,1970-07-01,96.0
precip_seki,1970-08-01,92.7
precip_seki,1970-09-01,34.7
precip_seki,1970-10-01,58.8
precip_seki,1970-11-01,27.1
precip_seki,1970-12-01,29.0
precip_seki,1971-01-01,24.0
precip_seki,1971-02-01,20.7
precip_seki,1971-03-01,77.3
precip_seki,1971-04-01,92.1
precip_seki,1971-05-01,79.5
precip_seki,1971-06-01,60.1
precip_seki,1971-07-01,19.7
precip_seki,1971-08-01,43.6
precip_seki,1971-09-01,14.5
precip_seki,1971-10-01,52.8
precip_seki,1971-11-01,15.4
precip_seki,1971-12-01,56.6
precip_seki,1972-01-01,37.0
precip_seki,1972-02-01,10.4
precip_seki,1972-03-01,66.9
precip_seki,1972-04-01,48.5
precip_seki,1972-05-01,191.4
precip_seki,1972-06-01,158.2
precip_seki,1972-07-01,55.1
precip_seki,1972-08-01,31.9
precip_seki,1972-09-01,97.4
precip_seki,1972-10-01,34.2
precip_seki,1972-11-01,37.8
precip_seki,1972-12-01,39.8
precip_seki,1973-01-01,31.7
precip_seki,1973-02-01,14.9
precip_seki,1973-03-01,83.0
precip_seki,1973-04-01,120.2
precip_seki,1973-05-01,81.3
precip_seki,1973-06-01,129.0
precip_seki,1973-07-01,125.8
precip_seki,1973-08-01,41.6
precip_seki,1973-09-01,87.6
precip_seki,1973-10-01,36.6
precip_seki,1973-11-01,65.5
precip_seki,1973-12-01,21.8
precip_seki,1974-01-01,30.0
precip_seki,1974-02-01,13.9
precip_seki,1974-03-01,75.4
precip_seki,1974-04-01,77.6
precip_seki,1974-05-01,67.3
precip_seki,1974-06-01,128.4
precip_seki,1974-07-01,99.7
precip_seki,1974-08-01,54.4
precip_seki,1974-09-01,47.9
precip_seki,1974-10-01,4.3
precip_seki,1974-11-01,58.1
precip_seki,1974-12-01,10.8
precip_seki,1975-01-01,7.8
precip_seki,1975-02-01,64.8
precip_seki,1975-03-01,54.0
precip_seki,1975-04-01,47.0
precip_seki,1975-05-01,77.1
precip_seki,1975-06-01,60.5
precip_seki,1975-07-01,14.5
precip_seki,1975-08-01,41.4
precip_seki,1975-09-01,56.4
precip_seki,1975-10-01,65.9
precip_seki,1975-11-01,57.8
precip_seki,1975-12-01,25.6
precip_seki,1976-01-01,18.8
precip_seki,1976-02-01,47.6
precip_seki,1976-03-01,28.1
precip_seki,1976-04-01,90.4
precip_seki,1976-05-01,166.7
precip_seki,1976-06-01,60.5
precip_seki,1976-07-01,108.5
precip_seki,1976-08-01,2.3
precip_seki,1976-09-01,54.7
precip_seki,1976-10-01,70.1
precip_seki,1976-11-01,13.8
precip_seki,1976-12-01,21.8
precip_seki,1977-01-01,24.2
precip_seki,1977-02-01,25.5
precip_seki,1977-03-01,78.1
precip_seki,1977-04-01,90.8
precip_seki,1977-05-01,97.7
precip_seki,1977-06-01,114.8
precip_seki,1977-07-01,90.8
precip_seki,1977-08-01,72.3
precip_seki,1977-09-01,60.1
precip_seki,1977-10-01,99.4
precip_seki,1977-11-01,15.8
precip_seki,1977-12-01,25.9
precip_seki,1978-01-01,24.4
precip_seki,1978-02-01,41.5
precip_seki,1978-03-01,52.4
precip_seki,1978-04-01,104.9
precip_seki,1978-05-01,114.2
precip_seki,1978-06-01,136.4
precip_seki,1978-07-01,34.1
precip_seki,1978-08-01,15.2
precip_seki,1978-09-01,20.6
precip_seki,1978-10-01,36.7
precip_seki,1978-11-01,68.0
precip_seki,1978-12-01,45.9
precip_seki,1979-01-01,18.5
precip_seki,1979-02-01,26.4
precip_seki,1979-03-01,16.3
precip_seki,1979-04-01,88.7
precip_seki,1979-05-01,83.6
precip_seki,1979-06-01,175.6
precip_seki,1979-07-01,29.9
precip_seki,1979-08-01,12.1
precip_seki,1979-09-01,21.7
precip_seki,1979-10-01,111.0
precip_seki,1979-11-01,71.4
precip_seki,1979-12-01,29.7
precip_seki,1980-01-01,29.7
precip_seki,1980-02-01,18.5
precip_seki,1980-03-01,42.8
precip_seki,1980-04-01,84.4
precip_seki,1980-05-01,93.2
precip_seki,1980-06-01,74.8
precip_seki,1980-07-01,31.5
precip_seki,1980-08-01,73.1
precip_seki,1980-09-01,61.1
precip_seki,1980-10-01,64.8
precip_seki,1980-11-01,32.3
precip_seki,1980-12-01,11.2
precip_seki,1981-01-01,10.7
precip_seki,1981-02-01,23.2
precip_seki,1981-03-01,40.6
precip_seki,1981-04-01,70.7
precip_seki,1981-05-01,168.1
precip_seki,1981-06-01,148.3
precip_seki,1981-07-01,74.4
precip_seki,1981-08-01,68.4
precip_seki,1981-09-01,16.3
precip_seki,1981-10-01,31.8
precip_seki,1981-11-01,53.9
precip_seki,1981-12-01,8.8
precip_seki,1982-01-01,33.2
precip_seki,1982-02-01,43.7
precip_seki,1982-03-01,60.3
precip_seki,1982-04-01,84.4
precip_seki,1982-05-01,131.0
precip_seki,1982-06-01,98.3
precip_seki,1982-07-01,92.9
precip_seki,1982-08-01,63.4
precip_seki,1982-09-01,48.6
precip_seki,1982-10-01,77.5
precip_seki,1982-11-01,75.3
precip_seki,1982-12-01,11.7
precip_seki,1983-01-01,27.9
precip_seki,1983-02-01,24.5
precip_seki,1983-03-01,45.5
precip_seki,1983-04-01,74.0
precip_seki,1983-05-01,102.9
precip_seki,1983-06-01,95.4
precip_seki,1983-07-01,57.9
precip_seki,1983-08-01,116.5
precip_seki,1983-09-01,92.5
precip_seki,1983-10-01,48.8
precip_seki,1983-11-01,43.2
precip_seki,1983-12-01,17.3
precip_seki,1984-01-01,8.2
precip_seki,1984-02-01,30.1
precip_seki,1984-03-01,38.4
precip_seki,1984-04-01,97.0
precip_seki,1984-05-01,75.3
precip_seki,1984-06-01,70.3
precip_seki,1984-07-01,29.1
precip_seki,1984-08-01,87.4
precip_seki,1984-09-01,20.1
precip_seki,1984-10-01,103.9
precip_seki,1984-11-01,26.0
precip_seki,1984-12-01,11.3
precip_seki,1985-01-01,20.3
precip_seki,1985-02-01,63.1
precip_seki,1985-03-01,19.8
precip_seki,1985-04-01,95.5
precip_seki,1985-05-01,58.5
precip_seki,1985-06-01,32.6
precip_seki,1985-07-01,75.8
precip_seki,1985-08-01,31.6
precip_seki,1985-09-01,19.0
precip_seki,1985-10-01,57.8
precip_seki,1985-11-01,10.9
precip_seki,1985-12-01,46.6
precip_seki,1986-01-01,27.3
precip_seki,1986-02-01,36.6
precip_seki,1986-03-01,35.3
precip_seki,1986-04-01,33.3
precip_seki,1986-05-01,100.9
precip_seki,1986-06-01,79.9
precip_seki,1986-07-01,110.9
precip_seki,1986-08-01,47.9
precip_seki,1986-09-01,59.0
precip_seki,1986-10-01,54.5
precip_seki,1986-11-01,46.9
precip_seki,1986-12-01,16.2
precip_seki,1987-01-01,22.2
precip_seki,1987-02-01,42.4
precip_seki,1987-03-01,57.7
precip_seki,1987-04-01,63.2
precip_seki,1987-05-01,61.0
precip_seki,1987-06-01,36.0
precip_seki,1987-07-01,73.6
precip_seki,1987-08-01,113.8
precip_seki,1987-09-01,41.9
precip_seki,1987-10-01,153.9
precip_seki,1987-11-01,21.9
precip_seki,1987-12-01,55.3
precip_seki,1988-01-01,18.6
precip_seki,1988-02-01,39.5
precip_seki,1988-03-01,52.7
precip_seki,1988-04-01,83.3
precip_seki,1988-05-01,133.5
precip_seki,1988-06-01,66.0
precip_seki,1988-07-01,116.5
precip_seki,1988-08-01,145.2
precip_seki,1988-09-01,33.8
precip_seki,1988-10-01,37.6
precip_seki,1988-11-01,45.6
precip_seki,1988-12-01,21.8
precip_seki,1989-01-01,10.2
precip_seki,1989-02-01,29.0
precip_seki,1989-03-01,34.4
precip_seki,1989-04-01,34.9
precip_seki,1989-05-01,39.5
precip_seki,1989-06-01,41.1
precip_seki,1989-07-01,33.4
precip_seki,1989-08-01,59.0
precip_seki,1989-09-01,32.5
precip_seki,1989-10-01,91.6
precip_seki,1989-11-01,26.9
precip_seki,1989-12-01,31.8
precip_seki,1990-01-01,24.6
precip_seki,1990-02-01,43.8
precip_seki,1990-03-01,39.7
precip_seki,1990-04-01,140.9
precip_seki,1990-05-01,94.3
precip_seki,1990-06-01,52.3
precip_seki,1990-07-01,47.4
precip_seki,1990-08-01,81.8
precip_seki,1990-09-01,20.1
precip_seki,1990-10-01,67.0
precip_seki,1990-11-01,43.6
precip_seki,1990-12-01,28.5
precip_seki,1991-01-01,33.0
precip_seki,1991-02-01,35.3
precip_seki,1991-03-01,34.5
precip_seki,1991-04-01,82.9
precip_seki,1991-05-01,111.2
precip_seki,1991-06-01,74.7
precip_seki,1991-07-01,29.4
precip_seki,1991-08-01,59.2
precip_seki,1991-09-01,25.5
precip_seki,1991-10-01,19.3
precip_seki,1991-11-01,73.2
precip_seki,1991-12-01,40.5
precip_seki,1992-01-01,16.3
precip_seki,1992-02-01,70.9
precip_seki,1992-03-01,39.1
precip_seki,1992-04-01,57.9
precip_seki,1992-05-01,77.8
precip_seki,1992-06-01,83.8
precip_seki,1992-07-01,87.1
precip_seki,1992-08-01,53.4
precip_seki,1992-09-01,75.5
precip_seki,1992-10-01,53.1
precip_seki,1992-11-01,99.3
precip_seki,1992-12-01,48.7
precip_seki,1993-01-01,17.9
precip_seki,1993-02-01,39.0
precip_seki,1993-03-01,23.8
precip_seki,1993-04-01,78.7
precip_seki,1993-05-01,56.8
precip_seki,1993-06-01,112.7
precip_seki,1993-07-01,60.7
precip_seki,1993-08-01,56.4
precip_seki,1993-09-01,66.3
precip_seki,1993-10-01,32.3
precip_seki,1993-11-01,76.1
precip_seki,1993-12-01,2.2
precip_seki,1994-01-01,8.4
precip_seki,1994-02-01,38.2
precip_seki,1994-03-01,99.7
precip_seki,1994-04-01,79.8
precip_seki,1994-05-01,95.5
precip_seki,1994-06-01,181.4
precip_seki,1994-07-01,69.3
precip_seki,1994-08-01,112.5
precip_seki,1994-09-01,21.7
precip_seki,1994-10-01,36.3
precip_seki,1994-11-01,66.3
precip_seki,1994-12-01,37.7
precip_seki,1995-01-01,22.5
precip_seki,1995-02-01,6.3
precip_seki,1995-03-01,54.2
precip_seki,1995-04-01,69.4
precip_seki,1995-05-01,38.9
precip_seki,1995-06-01,128.5
precip_seki,1995-07-01,55.1
precip_seki,1995-08-01,16.1
precip_seki,1995-09-01,76.2
precip_seki,1995-10-01,56.3
precip_seki,1995-11-01,46.7
precip_seki,1995-12-01,4.2
precip_seki,1996-01-01,7.7
precip_seki,1996-02-01,33.7
precip_seki,1996-03-01,42.6
precip_seki,1996-04-01,67.5
precip_seki,1996-05-01,52.9
precip_seki,1996-06-01,99.1
precip_seki,1996-07-01,41.6
precip_seki,1996-08-01,20.0
precip_seki,1996-09-01,36.1
precip_seki,1996-10-01,81.1
precip_seki,1996-11-01,4.1
precip_seki,1996-12-01,22.1
precip_seki,1997-01-01,24.3
precip_seki,1997-02-01,30.5
precip_seki,1997-03-01,75.5
precip_seki,1997-04-01,64.8
precip_seki,1997-05-01,77.7
precip_seki,1997-06-01,74.9
precip_seki,1997-07-01,142.6
precip_seki,1997-08-01,75.3
precip_seki,1997-09-01,163.3
precip_seki,1997-10-01,6.3
precip_seki,1997-11-01,4.8
precip_seki,1997-12-01,31.7
precip_seki,1998-01-01,21.2
precip_seki,1998-02-01,21.2
precip_seki,1998-03-01,62.5
precip_seki,1998-04-01,85.5
precip_seki,1998-05-01,57.6
precip_seki,1998-06-01,38.2
precip_seki,1998-07-01,66.7
precip_seki,1998-08-01,68.9
precip_seki,1998-09-01,76.5
precip_seki,1998-10-01,41.1
precip_seki,1998-11-01,51.0
precip_seki,1998-12-01,11.9
precip_seki,1999-01-01,8.6
precip_seki,1999-02-01,12.5
precip_seki,1999-03-01,64.0
precip_seki,1999-04-01,61.9
precip_seki,1999-05-01,88.3
precip_seki,1999-06-01,44.8
precip_seki,1999-07-01,82.5
precip_seki,1999-08-01,25.2
precip_seki,1999-09-01,110.2
precip_seki,1999-10-01,32.7
precip_seki,1999-11-01,41.9
precip_seki,1999-12-01,0.6
precip_seki,2000-01-01,38.6
precip_seki,2000-02-01,21.8
precip_seki,2000-03-01,39.4
precip_seki,2000-04-01,37.7
precip_seki,2000-05-01,83.9
precip_seki,2000-06-01,55.3
precip_seki,2000-07-01,14.5
precip_seki,2000-08-01,74.8
precip_seki,2000-09-01,91.0
precip_seki,2000-10-01,84.3
precip_seki,2000-11-01,34.5
precip_seki,2000-12-01,31.8
precip_seki,2001-01-01,14.8
precip_seki,2001-02-01,34.2
precip_seki,2001-03-01,60.4
precip_seki,2001-04-01,93.2
precip_seki,2001-05-01,114.3
precip_seki,2001-06-01,40.8
precip_seki,2001-07-01,72.3
precip_seki,2001-08-01,66.0
precip_seki,2001-09-01,10.3
precip_seki,2001-10-01,48.7
precip_seki,2001-11-01,28.0
precip_seki,2001-12-01,36.2
precip_seki,2002-01-01,42.8
precip_seki,2002-02-01,25.5
precip_seki,2002-03-01,78.1
precip_seki,2002-04-01,96.3
precip_seki,2002-05-01,112.7
precip_seki,2002-06-01,159.0
precip_seki,2002-07-01,37.3
precip_seki,2002-08-01,66.4
precip_seki,2002-09-01,4.1
precip_seki,2002-10-01,31.3
precip_seki,2002-11-01,8.9
precip_seki,2002-12-01,45.6
precip_seki,2003-01-01,9.0
precip_seki,2003-02-01,49.0
precip_seki,2003-03-01,107.3
precip_seki,2003-04-01,87.2
precip_seki,2003-05-01,101.0
precip_seki,2003-06-01,51.3
precip_seki,2003-07-01,38.4
precip_seki,2003-08-01,14.4
precip_seki,2003-09-01,38.3
precip_seki,2003-10-01,78.9
precip_seki,2003-11-01,68.5
precip_seki,2003-12-01,32.4
precip_seki,2004-01-01,21.9
precip_seki,2004-02-01,46.5
precip_seki,2004-03-01,95.4
precip_seki,2004-04-01,82.4
precip_seki,2004-05-01,109.9
precip_seki,2004-06-01,39.5
precip_seki,2004-07-01,84.1
precip_seki,2004-08-01,5.8
precip_seki,2004-09-01,88.6
precip_seki,2004-10-01,37.6
precip_seki,2004-11-01,79.4
precip_seki,2004-12-01,3.4
precip_seki,2005-01-01,11.2
precip_seki,2005-02-01,16.2
precip_seki,2005-03-01,75.8
precip_seki,2005-04-01,49.1
precip_seki,2005-05-01,70.8
precip_seki,2005-06-01,72.3
precip_seki,2005-07-01,18.2
precip_seki,2005-08-01,85.8
precip_seki,2005-09-01,43.9
precip_seki,2005-10-01,79.9
precip_seki,2005-11-01,25.3
precip_seki,2005-12-01,32.5
precip_seki,2006-01-01,22.7
precip_seki,2006-02-01,34.2
precip_seki,2006-03-01,37.6
precip_seki,2006-04-01,64.4
precip_seki,2006-05-01,61.7
precip_seki,2006-06-01,26.3
precip_seki,2006-07-01,191.2
precip_seki,2006-08-01,4.4
precip_seki,2006-09-01,83.1
precip_seki,2006-10-01,54.4
precip_seki,2006-11-01,56.9
precip_seki,2006-12-01,22.3
precip_seki,2007-01-01,19.3
precip_seki,2007-02-01,23.5
precip_seki,2007-03-01,54.0
precip_seki,2007-04-01,124.2
precip_seki,2007-05-01,70.6
precip_seki,2007-06-01,63.2
precip_seki,2007-07-01,98.2
precip_seki,2007-08-01,34.7
precip_seki,2007-09-01,1.8
precip_seki,2007-10-01,83.1
precip_seki,2007-11-01,80.6
precip_seki,2007-12-01,17.9
precip_seki,2008-01-01,20.0
precip_seki,2008-02-01,15.4
precip_seki,2008-03-01,39.7
precip_seki,2008-04-01,68.8
precip_seki,2008-05-01,106.5
precip_seki,2008-06-01,149.8
precip_seki,2008-07-01,86.1
precip_seki,2008-08-01,53.9
precip_seki,2008-09-01,54.1
precip_seki,2008-10-01,24.8
precip_seki,2008-11-01,21.3
precip_seki,2008-12-01,38.3
precip_seki,2009-01-01,13.7
precip_seki,2009-02-01,43.8
precip_seki,2009-03-01,45.8
precip_seki,2009-04-01,64.1
precip_seki,2009-05-01,62.6
precip_seki,2009-06-01,59.3
precip_seki,2009-07-01,65.4
precip_seki,2009-08-01,58.7
precip_seki,2009-09-01,126.2
precip_seki,2009-10-01,28.3
precip_seki,2009-11-01,60.2
precip_seki,2009-12-01,16.5
precip_seki,2010-01-01,36.4
precip_seki,2010-02-01,26.6
precip_seki,2010-03-01,60.3
precip_seki,2010-04-01,113.0
precip_seki,2010-05-01,91.5
precip_seki,2010-06-01,37.8
precip_seki,2010-07-01,38.9
precip_seki,2010-08-01,30.5
precip_seki,2010-09-01,36.6
precip_seki,2010-10-01,80.5
precip_seki,2010-11-01,0.1
precip_seki,2010-12-01,3.9
precip_seki,2011-01-01,16.9
precip_seki,2011-02-01,53.6
precip_seki,2011-03-01,42.4
precip_seki,2011-04-01,101.3
precip_seki,2011-05-01,101.0
precip_seki,2011-06-01,71.5
precip_seki,2011-07-01,17.4
precip_seki,2011-08-01,143.0
precip_seki,2011-09-01,22.7
precip_seki,2011-10-01,64.3
precip_seki,2011-11-01,65.3
precip_seki,2011-12-01,3.5
precip_seki,2012-01-01,22.3
precip_seki,2012-02-01,22.1
precip_seki,2012-03-01,44.2
precip_seki,2012-04-01,82.7
precip_seki,2012-05-01,75.8
precip_seki,2012-06-01,93.4
precip_seki,2012-07-01,98.2
precip_seki,2012-08-01,8.1
precip_seki,2012-09-01,97.5
precip_seki,2012-10-01,18.4
precip_seki,2012-11-01,18.5
precip_seki,2012-12-01,44.2
precip_seki,2013-01-01,41.8
precip_seki,2013-02-01,17.0
precip_seki,2013-03-01,60.0
precip_seki,2013-04-01,69.4
precip_seki,2013-05-01,134.0
precip_seki,2013-06-01,79.7
precip_seki,2013-07-01,70.5
precip_seki,2013-08-01,43.6
precip_seki,2013-09-01,14.0
precip_seki,2013-10-01,65.1
precip_seki,2013-11-01,11.5
precip_seki,2013-12-01,18.6
precip_seki,2014-01-01,26.7
precip_seki,2014-02-01,15.7
precip_seki,2014-03-01,63.5
precip_seki,2014-04-01,58.9
precip_seki,2014-05-01,52.0
precip_seki,2014-06-01,28.0
precip_seki,2014-07-01,20.2
precip_seki,2014-08-01,1.6
precip_seki,2014-09-01,40.1
precip_seki,2014-10-01,36.8
precip_seki,2014-11-01,52.7
precip_seki,2014-12-01,13.5
precip_seki,2015-01-01,21.2
precip_seki,2015-02-01,27.2
precip_seki,2015-03-01,55.5
precip_seki,2015-04-01,97.3
precip_seki,2015-05-01,71.6
precip_seki,2015-06-01,25.8
precip_seki,2015-07-01,24.7
precip_seki,2015-08-01,33.5
precip_seki,2015-09-01,29.6
precip_seki,2015-10-01,93.5
precip_seki,2015-11-01,18.1
precip_seki,2015-12-01,37.2
precip_seki,2016-01-01,88.3
precip_seki,2016-02-01,28.5
precip_seki,2016-03-01,74.3
precip_seki,2016-04-01,64.9
precip_seki,2016-05-01,69.3
precip_seki,2016-06-01,90.0
precip_seki,2016-07-01,120.5
precip_seki,2016-08-01,8.9
precip_seki,2016-09-01,45.2
precip_seki,2016-10-01,81.2
precip_seki,2016-11-01,25.5
precip_seki,2016-12-01,42.7
precip_seki,2017-01-01,40.3
precip_seki,2017-02-01,35.9
precip_seki,2017-03-01,57.0
precip_seki,2017-04-01,77.4
precip_seki,2017-05-01,107.3
precip_seki,2017-06-01,115.9
precip_seki,2017-07-01,26.9
precip_seki,2017-08-01,2.2
precip_seki,2017-09-01,73.3
precip_seki,2017-10-01,128.1
precip_seki,2017-11-01,66.9
precip_seki,2017-12-01,36.4
precip_seki,2018-01-01,40.8
precip_seki,2018-02-01,45.0
precip_seki,2018-03-01,142.9
precip_seki,2018-04-01,130.8
precip_seki,2018-05-01,62.6
precip_seki,2018-06-01,109.0
precip_seki,2018-07-01,64.8
precip_seki,2018-08-01,115.0
precip_seki,2018-09-01,131.3
precip_seki,2018-10-01,69.3
precip_seki,2018-11-01,83.3
precip_seki,2018-12-01,59.1
precip_seki,2019-01-01,19.8
precip_seki,2019-02-01,34.9
precip_seki,2019-03-01,105.1
precip_seki,2019-04-01,90.9
precip_seki,2019-05-01,136.9
precip_seki,2019-06-01,25.3
precip_seki,2019-07-01,90.5
precip_seki,2019-08-01,57.5
precip_seki,2019-09-01,88.8
precip_seki,2019-10-01,13.6
precip_seki,2019-11-01,61.8
precip_seki,2019-12-01,41.5
precip_seki,2020-01-01,37.9
precip_seki,2020-02-01,67.8
precip_seki,2020-03-01,65.4
precip_seki,2020-04-01,131.3
precip_seki,2020-05-01,136.0
precip_seki,2020-06-01,17.9
precip_seki,2020-07-01,117.8
precip_seki,2020-08-01,154.1
precip_seki,2020-09-01,27.3
precip_seki,2020-10-01,41.5
precip_seki,2020-11-01,70.1
precip_seki,2020-12-01,43.2
precip_seki,2021-01-01,43.6
precip_seki,2021-02-01,70.4
precip_seki,2021-03-01,143.5
precip_seki,2021-04-01,37.5
precip_seki,2021-05-01,129.4
precip_seki,2021-06-01,63.7
precip_seki,2021-07-01,124.6
precip_seki,2021-08-01,2.1
precip_seki,2021-09-01,168.0
precip_seki,2021-10-01,111.8
precip_seki,2021-11-01,49.1
precip_seki,2021-12-01,39.3
precip_seki,2022-01-01,30.1
precip_seki,2022-02-01,10.5
precip_seki,2022-03-01,204.7
precip_seki,2022-04-01,93.5
precip_seki,2022-05-01,271.4
precip_seki,2022-06-01,142.2
precip_seki,2022-07-01,41.6
precip_seki,2022-08-01,13.3
precip_seki,2022-09-01,129.8
precip_seki,2022-10-01,121.2
precip_seki,2022-11-01,49.2
precip_seki,2022-12-01,22.5
precip_seki,2023-01-01,28.1
precip_seki,2023-02-01,70.4
precip_seki,2023-03-01,64.6
precip_seki,2023-04-01,92.6
precip_seki,2023-05-01,125.6
precip_seki,2023-06-01,269.8
precip_seki,2023-07-01,93.8
precip_seki,2023-08-01,138.3
precip_seki,2023-09-01,359.3
precip_seki,2023-10-01,42.8
precip_seki,2023-11-01,59.3
precip_seki,2023-12-01,57.8
precip_seki,2024-01-01,85.6
precip_seki,2024-02-01,38.2
precip_seki,2024-03-01,148.0
precip_seki,2024-04-01,59.1
precip_seki,2024-05-01,281.7
precip_seki,2024-06-01,147.5
precip_seki,2024-07-01,300.4
precip_seki,2024-08-01,77.0
precip_seki,2024-09-01,92.0
precip_seki,2024-10-01,164.2
precip_seki,2024-11-01,61.7
precip_seki,2024-12-01,26.2
precip_seki,2025-01-01,13.4
precip_seki,2025-02-01,60.9
precip_seki,2025-03-01,84.6
precip_seki,2025-04-01,124.0
precip_seki,2025-05-01,143.8
precip_seki,2025-06-01,108.4
precip_seki,2025-07-01,41.8
precip_seki,2025-08-01,41.5
precip_seki,2025-09-01,256.2
precip_seki,2025-10-01,82.3
precip_seki,2025-11-01,0.9
precip_seki,2025-12-01,49.5
precip_seki,2026-01-01,106.9
precip_seki,2026-02-01,99.8
precip_seki,2026-03-01,143.2
precip_seki,2026-04-01,183.3
precip_seki,2026-05-01,205.4
precip_seki,2026-06-01,89.2
precip_seki,2026-07-01,117.7
precip_seki,2026-08-01,95.9
precip_seki,2026-09-01,33.1
precip_lenkeran,1960-01-01,51.4
precip_lenkeran,1960-02-01,88.2
precip_lenkeran,1960-03-01,184.9
precip_lenkeran,1960-04-01,77.3
precip_lenkeran,1960-05-01,45.2
precip_lenkeran,1960-06-01,14.1
precip_lenkeran,1960-07-01,41.9
precip_lenkeran,1960-08-01,10.2
precip_lenkeran,1960-09-01,132.2
precip_lenkeran,1960-10-01,103.4
precip_lenkeran,1960-11-01,180.3
precip_lenkeran,1960-12-01,79.8
precip_lenkeran,1961-01-01,110.4
precip_lenkeran,1961-02-01,167.9
precip_lenkeran,1961-03-01,53.7
precip_lenkeran,1961-04-01,113.0
precip_lenkeran,1961-05-01,91.3
precip_lenkeran,1961-06-01,43.1
precip_lenkeran,1961-07-01,6.0
precip_lenkeran,1961-08-01,22.5
precip_lenkeran,1961-09-01,180.0
precip_lenkeran,1961-10-01,231.6
precip_lenkeran,1961-11-01,158.5
precip_lenkeran,1961-12-01,74.3
precip_lenkeran,1962-01-01,116.7
precip_lenkeran,1962-02-01,99.3
precip_lenkeran,1962-03-01,76.6
precip_lenkeran,1962-04-01,86.9
precip_lenkeran,1962-05-01,37.1
precip_lenkeran,1962-06-01,41.9
precip_lenkeran,1962-07-01,2.0
precip_lenkeran,1962-08-01,77.9
precip_lenkeran,1962-09-01,50.0
precip_lenkeran,1962-10-01,178.7
precip_lenkeran,1962-11-01,210.6
precip_lenkeran,1962-12-01,149.8
precip_lenkeran,1963-01-01,99.7
precip_lenkeran,1963-02-01,113.3
precip_lenkeran,1963-03-01,105.3
precip_lenkeran,1963-04-01,85.5
precip_lenkeran,1963-05-01,193.5
precip_lenkeran,1963-06-01,122.8
precip_lenkeran,1963-07-01,31.5
precip_lenkeran,1963-08-01,98.7
precip_lenkeran,1963-09-01,67.7
precip_lenkeran,1963-10-01,226.4
precip_lenkeran,1963-11-01,183.2
precip_lenkeran,1963-12-01,218.7
precip_lenkeran,1964-01-01,97.9
precip_lenkeran,1964-02-01,104.5
precip_lenkeran,1964-03-01,97.8
precip_lenkeran,1964-04-01,147.4
precip_lenkeran,1964-05-01,40.2
precip_lenkeran,1964-06-01,44.7
precip_lenkeran,1964-07-01,17.4
precip_lenkeran,1964-08-01,57.7
precip_lenkeran,1964-09-01,47.9
precip_lenkeran,1964-10-01,79.6
precip_lenkeran,1964-11-01,96.5
precip_lenkeran,1964-12-01,82.3
precip_lenkeran,1965-01-01,162.7
precip_lenkeran,1965-02-01,42.5
precip_lenkeran,1965-03-01,86.1
precip_lenkeran,1965-04-01,77.4
precip_lenkeran,1965-05-01,61.8
precip_lenkeran,1965-06-01,29.3
precip_lenkeran,1965-07-01,121.5
precip_lenkeran,1965-08-01,38.7
precip_lenkeran,1965-09-01,142.4
precip_lenkeran,1965-10-01,332.1
precip_lenkeran,1965-11-01,73.9
precip_lenkeran,1965-12-01,51.1
precip_lenkeran,1966-01-01,81.4
precip_lenkeran,1966-02-01,76.8
precip_lenkeran,1966-03-01,134.8
precip_lenkeran,1966-04-01,105.3
precip_lenkeran,1966-05-01,59.1
precip_lenkeran,1966-06-01,42.1
precip_lenkeran,1966-07-01,2.5
precip_lenkeran,1966-08-01,35.1
precip_lenkeran,1966-09-01,269.8
precip_lenkeran,1966-10-01,200.1
precip_lenkeran,1966-11-01,164.7
precip_lenkeran,1966-12-01,162.1
precip_lenkeran,1967-01-01,47.5
precip_lenkeran,1967-02-01,140.9
precip_lenkeran,1967-03-01,171.5
precip_lenkeran,1967-04-01,85.8
precip_lenkeran,1967-05-01,55.2
precip_lenkeran,1967-06-01,70.4
precip_lenkeran,1967-07-01,22.0
precip_lenkeran,1967-08-01,22.2
precip_lenkeran,1967-09-01,166.7
precip_lenkeran,1967-10-01,155.8
precip_lenkeran,1967-11-01,183.7
precip_lenkeran,1967-12-01,65.7
precip_lenkeran,1968-01-01,100.5
precip_lenkeran,1968-02-01,112.7
precip_lenkeran,1968-03-01,112.3
precip_lenkeran,1968-04-01,83.4
precip_lenkeran,1968-05-01,31.7
precip_lenkeran,1968-06-01,135.6
precip_lenkeran,1968-07-01,32.8
precip_lenkeran,1968-08-01,31.4
precip_lenkeran,1968-09-01,97.5
precip_lenkeran,1968-10-01,210.1
precip_lenkeran,1968-11-01,205.7
precip_lenkeran,1968-12-01,165.1
precip_lenkeran,1969-01-01,286.5
precip_lenkeran,1969-02-01,196.1
precip_lenkeran,1969-03-01,185.3
precip_lenkeran,1969-04-01,125.7
precip_lenkeran,1969-05-01,97.5
precip_lenkeran,1969-06-01,76.1
precip_lenkeran,1969-07-01,41.0
precip_lenkeran,1969-08-01,2.4
precip_lenkeran,1969-09-01,171.7
precip_lenkeran,1969-10-01,312.1
precip_lenkeran,1969-11-01,105.3
precip_lenkeran,1969-12-01,111.6
precip_lenkeran,1970-01-01,174.5
precip_lenkeran,1970-02-01,65.2
precip_lenkeran,1970-03-01,87.3
precip_lenkeran,1970-04-01,68.7
precip_lenkeran,1970-05-01,52.1
precip_lenkeran,1970-06-01,48.9
precip_lenkeran,1970-07-01,15.7
precip_lenkeran,1970-08-01,80.1
precip_lenkeran,1970-09-01,110.8
precip_lenkeran,1970-10-01,155.1
precip_lenkeran,1970-11-01,148.0
precip_lenkeran,1970-12-01,208.5
precip_lenkeran,1971-01-01,83.2
precip_lenkeran,1971-02-01,56.1
precip_lenkeran,1971-03-01,58.4
precip_lenkeran,1971-04-01,121.1
precip_lenkeran,1971-05-01,22.1
precip_lenkeran,1971-06-01,44.7
precip_lenkeran,1971-07-01,2.7
precip_lenkeran,1971-08-01,16.0
precip_lenkeran,1971-09-01,29.4
precip_lenkeran,1971-10-01,177.7
precip_lenkeran,1971-11-01,98.6
precip_lenkeran,1971-12-01,105.6
precip_lenkeran,1972-01-01,205.2
precip_lenkeran,1972-02-01,131.1
precip_lenkeran,1972-03-01,157.8
precip_lenkeran,1972-04-01,31.5
precip_lenkeran,1972-05-01,143.3
precip_lenkeran,1972-06-01,55.8
precip_lenkeran,1972-07-01,31.8
precip_lenkeran,1972-08-01,31.9
precip_lenkeran,1972-09-01,105.6
precip_lenkeran,1972-10-01,128.8
precip_lenkeran,1972-11-01,130.0
precip_lenkeran,1972-12-01,135.3
precip_lenkeran,1973-01-01,147.0
precip_lenkeran,1973-02-01,39.7
precip_lenkeran,1973-03-01,185.2
precip_lenkeran,1973-04-01,86.4
precip_lenkeran,1973-05-01,122.8
precip_lenkeran,1973-06-01,81.3
precip_lenkeran,1973-07-01,44.2
precip_lenkeran,1973-08-01,86.3
precip_lenkeran,1973-09-01,195.9
precip_lenkeran,1973-10-01,171.9
precip_lenkeran,1973-11-01,177.3
precip_lenkeran,1973-12-01,97.7
precip_lenkeran,1974-01-01,246.2
precip_lenkeran,1974-02-01,129.5
precip_lenkeran,1974-03-01,170.8
precip_lenkeran,1974-04-01,145.5
precip_lenkeran,1974-05-01,28.8
precip_lenkeran,1974-06-01,32.8
precip_lenkeran,1974-07-01,104.5
precip_lenkeran,1974-08-01,60.7
precip_lenkeran,1974-09-01,75.5
precip_lenkeran,1974-10-01,8.4
precip_lenkeran,1974-11-01,162.1
precip_lenkeran,1974-12-01,139.7
precip_lenkeran,1975-01-01,74.5
precip_lenkeran,1975-02-01,182.5
precip_lenkeran,1975-03-01,75.0
precip_lenkeran,1975-04-01,32.0
precip_lenkeran,1975-05-01,57.8
precip_lenkeran,1975-06-01,44.4
precip_lenkeran,1975-07-01,1.2
precip_lenkeran,1975-08-01,64.5
precip_lenkeran,1975-09-01,136.6
precip_lenkeran,1975-10-01,239.7
precip_lenkeran,1975-11-01,238.1
precip_lenkeran,1975-12-01,117.9
precip_lenkeran,1976-01-01,57.9
precip_lenkeran,1976-02-01,246.4
precip_lenkeran,1976-03-01,72.7
precip_lenkeran,1976-04-01,86.7
precip_lenkeran,1976-05-01,114.9
precip_lenkeran,1976-06-01,11.9
precip_lenkeran,1976-07-01,19.4
precip_lenkeran,1976-08-01,0.9
precip_lenkeran,1976-09-01,199.1
precip_lenkeran,1976-10-01,311.5
precip_lenkeran,1976-11-01,140.9
precip_lenkeran,1976-12-01,160.9
precip_lenkeran,1977-01-01,262.2
precip_lenkeran,1977-02-01,36.4
precip_lenkeran,1977-03-01,80.4
precip_lenkeran,1977-04-01,65.6
precip_lenkeran,1977-05-01,26.1
precip_lenkeran,1977-06-01,42.5
precip_lenkeran,1977-07-01,3.8
precip_lenkeran,1977-08-01,56.3
precip_lenkeran,1977-09-01,134.4
precip_lenkeran,1977-10-01,205.6
precip_lenkeran,1977-11-01,135.8
precip_lenkeran,1977-12-01,165.6
precip_lenkeran,1978-01-01,105.1
precip_lenkeran,1978-02-01,87.5
precip_lenkeran,1978-03-01,45.7
precip_lenkeran,1978-04-01,150.7
precip_lenkeran,1978-05-01,186.0
precip_lenkeran,1978-06-01,144.5
precip_lenkeran,1978-07-01,23.3
precip_lenkeran,1978-08-01,8.5
precip_lenkeran,1978-09-01,46.0
precip_lenkeran,1978-10-01,154.4
precip_lenkeran,1978-11-01,273.1
precip_lenkeran,1978-12-01,120.8
precip_lenkeran,1979-01-01,126.3
precip_lenkeran,1979-02-01,157.3
precip_lenkeran,1979-03-01,78.9
precip_lenkeran,1979-04-01,109.5
precip_lenkeran,1979-05-01,104.1
precip_lenkeran,1979-06-01,83.3
precip_lenkeran,1979-07-01,42.0
precip_lenkeran,1979-08-01,15.4
precip_lenkeran,1979-09-01,60.9
precip_lenkeran,1979-10-01,173.1
precip_lenkeran,1979-11-01,136.5
precip_lenkeran,1979-12-01,127.9
precip_lenkeran,1980-01-01,256.7
precip_lenkeran,1980-02-01,226.7
precip_lenkeran,1980-03-01,120.3
precip_lenkeran,1980-04-01,109.5
precip_lenkeran,1980-05-01,98.1
precip_lenkeran,1980-06-01,23.6
precip_lenkeran,1980-07-01,0.7
precip_lenkeran,1980-08-01,77.8
precip_lenkeran,1980-09-01,93.5
precip_lenkeran,1980-10-01,204.6
precip_lenkeran,1980-11-01,155.4
precip_lenkeran,1980-12-01,124.3
precip_lenkeran,1981-01-01,59.5
precip_lenkeran,1981-02-01,96.8
precip_lenkeran,1981-03-01,150.6
precip_lenkeran,1981-04-01,117.5
precip_lenkeran,1981-05-01,141.5
precip_lenkeran,1981-06-01,61.3
precip_lenkeran,1981-07-01,24.6
precip_lenkeran,1981-08-01,84.6
precip_lenkeran,1981-09-01,100.8
precip_lenkeran,1981-10-01,183.3
precip_lenkeran,1981-11-01,164.6
precip_lenkeran,1981-12-01,75.1
precip_lenkeran,1982-01-01,120.0
precip_lenkeran,1982-02-01,157.1
precip_lenkeran,1982-03-01,156.4
precip_lenkeran,1982-04-01,37.9
precip_lenkeran,1982-05-01,57.7
precip_lenkeran,1982-06-01,103.6
precip_lenkeran,1982-07-01,48.9
precip_lenkeran,1982-08-01,52.8
precip_lenkeran,1982-09-01,157.4
precip_lenkeran,1982-10-01,419.1
precip_lenkeran,1982-11-01,289.3
precip_lenkeran,1982-12-01,48.2
precip_lenkeran,1983-01-01,76.6
precip_lenkeran,1983-02-01,25.1
precip_lenkeran,1983-03-01,89.6
precip_lenkeran,1983-04-01,68.1
precip_lenkeran,1983-05-01,46.3
precip_lenkeran,1983-06-01,46.2
precip_lenkeran,1983-07-01,59.1
precip_lenkeran,1983-08-01,62.7
precip_lenkeran,1983-09-01,157.7
precip_lenkeran,1983-10-01,141.8
precip_lenkeran,1983-11-01,124.7
precip_lenkeran,1983-12-01,80.1
precip_lenkeran,1984-01-01,113.3
precip_lenkeran,1984-02-01,178.2
precip_lenkeran,1984-03-01,94.4
precip_lenkeran,1984-04-01,70.4
precip_lenkeran,1984-05-01,104.9
precip_lenkeran,1984-06-01,10.7
precip_lenkeran,1984-07-01,6.7
precip_lenkeran,1984-08-01,93.4
precip_lenkeran,1984-09-01,35.8
precip_lenkeran,1984-10-01,222.3
precip_lenkeran,1984-11-01,288.8
precip_lenkeran,1984-12-01,187.5
precip_lenkeran,1985-01-01,92.1
precip_lenkeran,1985-02-01,152.2
precip_lenkeran,1985-03-01,119.9
precip_lenkeran,1985-04-01,41.9
precip_lenkeran,1985-05-01,67.0
precip_lenkeran,1985-06-01,13.4
precip_lenkeran,1985-07-01,24.9
precip_lenkeran,1985-08-01,27.1
precip_lenkeran,1985-09-01,59.4
precip_lenkeran,1985-10-01,270.4
precip_lenkeran,1985-11-01,156.9
precip_lenkeran,1985-12-01,134.3
precip_lenkeran,1986-01-01,83.2
precip_lenkeran,1986-02-01,112.8
precip_lenkeran,1986-03-01,132.8
precip_lenkeran,1986-04-01,25.7
precip_lenkeran,1986-05-01,85.1
precip_lenkeran,1986-06-01,72.4
precip_lenkeran,1986-07-01,3.1
precip_lenkeran,1986-08-01,42.6
precip_lenkeran,1986-09-01,202.9
precip_lenkeran,1986-10-01,167.1
precip_lenkeran,1986-11-01,356.3
precip_lenkeran,1986-12-01,102.0
precip_lenkeran,1987-01-01,49.2
precip_lenkeran,1987-02-01,80.5
precip_lenkeran,1987-03-01,123.2
precip_lenkeran,1987-04-01,45.6
precip_lenkeran,1987-05-01,48.2
precip_lenkeran,1987-06-01,4.8
precip_lenkeran,1987-07-01,30.5
precip_lenkeran,1987-08-01,65.2
precip_lenkeran,1987-09-01,112.2
precip_lenkeran,1987-10-01,332.6
precip_lenkeran,1987-11-01,57.4
precip_lenkeran,1987-12-01,131.4
precip_lenkeran,1988-01-01,164.8
precip_lenkeran,1988-02-01,99.0
precip_lenkeran,1988-03-01,60.6
precip_lenkeran,1988-04-01,103.5
precip_lenkeran,1988-05-01,123.1
precip_lenkeran,1988-06-01,119.7
precip_lenkeran,1988-07-01,36.3
precip_lenkeran,1988-08-01,104.0
precip_lenkeran,1988-09-01,100.4
precip_lenkeran,1988-10-01,119.9
precip_lenkeran,1988-11-01,182.8
precip_lenkeran,1988-12-01,90.0
precip_lenkeran,1989-01-01,130.3
precip_lenkeran,1989-02-01,120.5
precip_lenkeran,1989-03-01,54.5
precip_lenkeran,1989-04-01,23.0
precip_lenkeran,1989-05-01,61.0
precip_lenkeran,1989-06-01,5.6
precip_lenkeran,1989-07-01,13.3
precip_lenkeran,1989-08-01,16.3
precip_lenkeran,1989-09-01,112.5
precip_lenkeran,1989-10-01,261.4
precip_lenkeran,1989-11-01,74.0
precip_lenkeran,1989-12-01,108.6
precip_lenkeran,1990-01-01,148.2
precip_lenkeran,1990-02-01,115.6
precip_lenkeran,1990-03-01,87.3
precip_lenkeran,1990-04-01,112.2
precip_lenkeran,1990-05-01,38.9
precip_lenkeran,1990-06-01,24.9
precip_lenkeran,1990-07-01,12.3
precip_lenkeran,1990-08-01,41.9
precip_lenkeran,1990-09-01,32.6
precip_lenkeran,1990-10-01,266.7
precip_lenkeran,1990-11-01,129.3
precip_lenkeran,1990-12-01,231.6
precip_lenkeran,1991-01-01,103.2
precip_lenkeran,1991-02-01,164.3
precip_lenkeran,1991-03-01,197.7
precip_lenkeran,1991-04-01,59.0
precip_lenkeran,1991-05-01,94.4
precip_lenkeran,1991-06-01,34.4
precip_lenkeran,1991-07-01,6.3
precip_lenkeran,1991-08-01,18.7
precip_lenkeran,1991-09-01,55.3
precip_lenkeran,1991-10-01,178.1
precip_lenkeran,1991-11-01,209.9
precip_lenkeran,1991-12-01,185.1
precip_lenkeran,1992-01-01,80.5
precip_lenkeran,1992-02-01,113.5
precip_lenkeran,1992-03-01,103.9
precip_lenkeran,1992-04-01,134.4
precip_lenkeran,1992-05-01,119.3
precip_lenkeran,1992-06-01,60.7
precip_lenkeran,1992-07-01,45.1
precip_lenkeran,1992-08-01,41.0
precip_lenkeran,1992-09-01,164.3
precip_lenkeran,1992-10-01,213.6
precip_lenkeran,1992-11-01,135.1
precip_lenkeran,1992-12-01,220.1
precip_lenkeran,1993-01-01,131.0
precip_lenkeran,1993-02-01,173.8
precip_lenkeran,1993-03-01,65.9
precip_lenkeran,1993-04-01,56.4
precip_lenkeran,1993-05-01,70.5
precip_lenkeran,1993-06-01,97.0
precip_lenkeran,1993-07-01,45.6
precip_lenkeran,1993-08-01,62.3
precip_lenkeran,1993-09-01,131.9
precip_lenkeran,1993-10-01,228.5
precip_lenkeran,1993-11-01,441.5
precip_lenkeran,1993-12-01,58.3
precip_lenkeran,1994-01-01,60.9
precip_lenkeran,1994-02-01,182.5
precip_lenkeran,1994-03-01,125.2
precip_lenkeran,1994-04-01,55.0
precip_lenkeran,1994-05-01,99.1
precip_lenkeran,1994-06-01,73.8
precip_lenkeran,1994-07-01,20.5
precip_lenkeran,1994-08-01,33.2
precip_lenkeran,1994-09-01,42.3
precip_lenkeran,1994-10-01,169.0
precip_lenkeran,1994-11-01,281.6
precip_lenkeran,1994-12-01,140.4
precip_lenkeran,1995-01-01,82.1
precip_lenkeran,1995-02-01,73.2
precip_lenkeran,1995-03-01,80.6
precip_lenkeran,1995-04-01,44.4
precip_lenkeran,1995-05-01,42.5
precip_lenkeran,1995-06-01,29.1
precip_lenkeran,1995-07-01,14.3
precip_lenkeran,1995-08-01,36.2
precip_lenkeran,1995-09-01,173.1
precip_lenkeran,1995-10-01,206.2
precip_lenkeran,1995-11-01,60.5
precip_lenkeran,1995-12-01,156.4
precip_lenkeran,1996-01-01,157.8
precip_lenkeran,1996-02-01,113.1
precip_lenkeran,1996-03-01,128.7
precip_lenkeran,1996-04-01,76.2
precip_lenkeran,1996-05-01,41.7
precip_lenkeran,1996-06-01,55.9
precip_lenkeran,1996-07-01,30.3
precip_lenkeran,1996-08-01,20.6
precip_lenkeran,1996-09-01,143.3
precip_lenkeran,1996-10-01,206.4
precip_lenkeran,1996-11-01,123.3
precip_lenkeran,1996-12-01,98.9
precip_lenkeran,1997-01-01,132.9
precip_lenkeran,1997-02-01,161.1
precip_lenkeran,1997-03-01,109.6
precip_lenkeran,1997-04-01,66.5
precip_lenkeran,1997-05-01,66.6
precip_lenkeran,1997-06-01,81.5
precip_lenkeran,1997-07-01,73.7
precip_lenkeran,1997-08-01,26.7
precip_lenkeran,1997-09-01,338.5
precip_lenkeran,1997-10-01,133.7
precip_lenkeran,1997-11-01,146.6
precip_lenkeran,1997-12-01,139.0
precip_lenkeran,1998-01-01,165.4
precip_lenkeran,1998-02-01,128.3
precip_lenkeran,1998-03-01,57.1
precip_lenkeran,1998-04-01,55.5
precip_lenkeran,1998-05-01,41.1
precip_lenkeran,1998-06-01,28.5
precip_lenkeran,1998-07-01,33.4
precip_lenkeran,1998-08-01,112.2
precip_lenkeran,1998-09-01,141.8
precip_lenkeran,1998-10-01,205.4
precip_lenkeran,1998-11-01,193.0
precip_lenkeran,1998-12-01,135.7
precip_lenkeran,1999-01-01,57.4
precip_lenkeran,1999-02-01,26.8
precip_lenkeran,1999-03-01,90.1
precip_lenkeran,1999-04-01,90.0
precip_lenkeran,1999-05-01,82.9
precip_lenkeran,1999-06-01,3.4
precip_lenkeran,1999-07-01,41.4
precip_lenkeran,1999-08-01,26.9
precip_lenkeran,1999-09-01,176.1
precip_lenkeran,1999-10-01,229.2
precip_lenkeran,1999-11-01,228.1
precip_lenkeran,1999-12-01,41.6
precip_lenkeran,2000-01-01,175.4
precip_lenkeran,2000-02-01,101.2
precip_lenkeran,2000-03-01,91.6
precip_lenkeran,2000-04-01,48.2
precip_lenkeran,2000-05-01,72.8
precip_lenkeran,2000-06-01,40.3
precip_lenkeran,2000-07-01,7.2
precip_lenkeran,2000-08-01,27.1
precip_lenkeran,2000-09-01,232.5
precip_lenkeran,2000-10-01,266.1
precip_lenkeran,2000-11-01,240.4
precip_lenkeran,2000-12-01,145.1
precip_lenkeran,2001-01-01,179.4
precip_lenkeran,2001-02-01,44.6
precip_lenkeran,2001-03-01,98.6
precip_lenkeran,2001-04-01,80.5
precip_lenkeran,2001-05-01,78.6
precip_lenkeran,2001-06-01,4.8
precip_lenkeran,2001-07-01,8.5
precip_lenkeran,2001-08-01,51.7
precip_lenkeran,2001-09-01,59.2
precip_lenkeran,2001-10-01,305.5
precip_lenkeran,2001-11-01,103.9
precip_lenkeran,2001-12-01,112.2
precip_lenkeran,2002-01-01,81.5
precip_lenkeran,2002-02-01,22.4
precip_lenkeran,2002-03-01,117.0
precip_lenkeran,2002-04-01,124.3
precip_lenkeran,2002-05-01,148.9
precip_lenkeran,2002-06-01,13.6
precip_lenkeran,2002-07-01,2.0
precip_lenkeran,2002-08-01,77.1
precip_lenkeran,2002-09-01,45.7
precip_lenkeran,2002-10-01,150.5
precip_lenkeran,2002-11-01,101.2
precip_lenkeran,2002-12-01,264.8
precip_lenkeran,2003-01-01,63.5
precip_lenkeran,2003-02-01,201.5
precip_lenkeran,2003-03-01,191.2
precip_lenkeran,2003-04-01,147.7
precip_lenkeran,2003-05-01,78.3
precip_lenkeran,2003-06-01,66.0
precip_lenkeran,2003-07-01,14.1
precip_lenkeran,2003-08-01,20.2
precip_lenkeran,2003-09-01,172.1
precip_lenkeran,2003-10-01,90.1
precip_lenkeran,2003-11-01,180.3
precip_lenkeran,2003-12-01,97.2
precip_lenkeran,2004-01-01,62.0
precip_lenkeran,2004-02-01,95.4
precip_lenkeran,2004-03-01,108.8
precip_lenkeran,2004-04-01,134.6
precip_lenkeran,2004-05-01,111.8
precip_lenkeran,2004-06-01,41.6
precip_lenkeran,2004-07-01,38.4
precip_lenkeran,2004-08-01,16.2
precip_lenkeran,2004-09-01,175.7
precip_lenkeran,2004-10-01,180.5
precip_lenkeran,2004-11-01,217.2
precip_lenkeran,2004-12-01,87.2
precip_lenkeran,2005-01-01,77.3
precip_lenkeran,2005-02-01,179.8
precip_lenkeran,2005-03-01,89.1
precip_lenkeran,2005-04-01,56.5
precip_lenkeran,2005-05-01,57.3
precip_lenkeran,2005-06-01,42.9
precip_lenkeran,2005-07-01,2.1
precip_lenkeran,2005-08-01,20.7
precip_lenkeran,2005-09-01,82.5
precip_lenkeran,2005-10-01,204.2
precip_lenkeran,2005-11-01,178.9
precip_lenkeran,2005-12-01,119.6
precip_lenkeran,2006-01-01,214.9
precip_lenkeran,2006-02-01,67.1
precip_lenkeran,2006-03-01,30.7
precip_lenkeran,2006-04-01,68.0
precip_lenkeran,2006-05-01,34.6
precip_lenkeran,2006-06-01,0.5
precip_lenkeran,2006-07-01,89.8
precip_lenkeran,2006-08-01,0.1
precip_lenkeran,2006-09-01,114.8
precip_lenkeran,2006-10-01,221.4
precip_lenkeran,2006-11-01,193.6
precip_lenkeran,2006-12-01,123.6
precip_lenkeran,2007-01-01,46.9
precip_lenkeran,2007-02-01,116.2
precip_lenkeran,2007-03-01,124.6
precip_lenkeran,2007-04-01,100.1
precip_lenkeran,2007-05-01,34.7
precip_lenkeran,2007-06-01,24.5
precip_lenkeran,2007-07-01,43.8
precip_lenkeran,2007-08-01,6.6
precip_lenkeran,2007-09-01,28.4
precip_lenkeran,2007-10-01,120.0
precip_lenkeran,2007-11-01,227.7
precip_lenkeran,2007-12-01,155.4
precip_lenkeran,2008-01-01,188.7
precip_lenkeran,2008-02-01,87.0
precip_lenkeran,2008-03-01,23.1
precip_lenkeran,2008-04-01,46.4
precip_lenkeran,2008-05-01,88.2
precip_lenkeran,2008-06-01,41.7
precip_lenkeran,2008-07-01,24.1
precip_lenkeran,2008-08-01,25.4
precip_lenkeran,2008-09-01,120.1
precip_lenkeran,2008-10-01,236.8
precip_lenkeran,2008-11-01,104.8
precip_lenkeran,2008-12-01,193.8
precip_lenkeran,2009-01-01,54.0
precip_lenkeran,2009-02-01,44.0
precip_lenkeran,2009-03-01,72.0
precip_lenkeran,2009-04-01,127.8
precip_lenkeran,2009-05-01,49.8
precip_lenkeran,2009-06-01,2.9
precip_lenkeran,2009-07-01,3.1
precip_lenkeran,2009-08-01,128.7
precip_lenkeran,2009-09-01,199.4
precip_lenkeran,2009-10-01,127.8
precip_lenkeran,2009-11-01,176.4
precip_lenkeran,2009-12-01,133.5
precip_lenkeran,2010-01-01,87.1
precip_lenkeran,2010-02-01,141.6
precip_lenkeran,2010-03-01,103.6
precip_lenkeran,2010-04-01,154.2
precip_lenkeran,2010-05-01,90.7
precip_lenkeran,2010-06-01,14.0
precip_lenkeran,2010-07-01,5.8
precip_lenkeran,2010-08-01,117.1
precip_lenkeran,2010-09-01,97.8
precip_lenkeran,2010-10-01,229.1
precip_lenkeran,2010-11-01,34.0
precip_lenkeran,2010-12-01,22.3
precip_lenkeran,2011-01-01,216.6
precip_lenkeran,2011-02-01,176.9
precip_lenkeran,2011-03-01,87.0
precip_lenkeran,2011-04-01,65.4
precip_lenkeran,2011-05-01,66.2
precip_lenkeran,2011-06-01,41.4
precip_lenkeran,2011-07-01,2.7
precip_lenkeran,2011-08-01,181.8
precip_lenkeran,2011-09-01,134.0
precip_lenkeran,2011-10-01,273.5
precip_lenkeran,2011-11-01,293.6
precip_lenkeran,2011-12-01,51.6
precip_lenkeran,2012-01-01,177.6
precip_lenkeran,2012-02-01,110.0
precip_lenkeran,2012-03-01,144.8
precip_lenkeran,2012-04-01,54.1
precip_lenkeran,2012-05-01,72.3
precip_lenkeran,2012-06-01,52.5
precip_lenkeran,2012-07-01,39.1
precip_lenkeran,2012-08-01,49.8
precip_lenkeran,2012-09-01,115.9
precip_lenkeran,2012-10-01,145.9
precip_lenkeran,2012-11-01,230.8
precip_lenkeran,2012-12-01,204.3
precip_lenkeran,2013-01-01,69.7
precip_lenkeran,2013-02-01,107.6
precip_lenkeran,2013-03-01,68.6
precip_lenkeran,2013-04-01,71.2
precip_lenkeran,2013-05-01,51.8
precip_lenkeran,2013-06-01,17.7
precip_lenkeran,2013-07-01,30.9
precip_lenkeran,2013-08-01,57.4
precip_lenkeran,2013-09-01,138.6
precip_lenkeran,2013-10-01,253.7
precip_lenkeran,2013-11-01,155.0
precip_lenkeran,2013-12-01,125.4
precip_lenkeran,2014-01-01,73.8
precip_lenkeran,2014-02-01,56.8
precip_lenkeran,2014-03-01,70.1
precip_lenkeran,2014-04-01,71.1
precip_lenkeran,2014-05-01,48.8
precip_lenkeran,2014-06-01,25.9
precip_lenkeran,2014-07-01,13.8
precip_lenkeran,2014-08-01,0.0
precip_lenkeran,2014-09-01,108.9
precip_lenkeran,2014-10-01,277.0
precip_lenkeran,2014-11-01,207.7
precip_lenkeran,2014-12-01,70.2
precip_lenkeran,2015-01-01,107.5
precip_lenkeran,2015-02-01,171.6
precip_lenkeran,2015-03-01,123.3
precip_lenkeran,2015-04-01,57.3
precip_lenkeran,2015-05-01,60.2
precip_lenkeran,2015-06-01,0.8
precip_lenkeran,2015-07-01,37.1
precip_lenkeran,2015-08-01,70.9
precip_lenkeran,2015-09-01,82.0
precip_lenkeran,2015-10-01,410.0
precip_lenkeran,2015-11-01,126.2
precip_lenkeran,2015-12-01,120.0
precip_lenkeran,2016-01-01,159.9
precip_lenkeran,2016-02-01,71.4
precip_lenkeran,2016-03-01,121.5
precip_lenkeran,2016-04-01,52.6
precip_lenkeran,2016-05-01,55.9
precip_lenkeran,2016-06-01,41.3
precip_lenkeran,2016-07-01,67.3
precip_lenkeran,2016-08-01,1.8
precip_lenkeran,2016-09-01,265.9
precip_lenkeran,2016-10-01,329.3
precip_lenkeran,2016-11-01,105.1
precip_lenkeran,2016-12-01,120.5
precip_lenkeran,2017-01-01,62.7
precip_lenkeran,2017-02-01,138.9
precip_lenkeran,2017-03-01,55.9
precip_lenkeran,2017-04-01,53.0
precip_lenkeran,2017-05-01,8.2
precip_lenkeran,2017-06-01,20.0
precip_lenkeran,2017-07-01,16.5
precip_lenkeran,2017-08-01,6.5
precip_lenkeran,2017-09-01,97.2
precip_lenkeran,2017-10-01,228.1
precip_lenkeran,2017-11-01,92.6
precip_lenkeran,2017-12-01,25.2
precip_lenkeran,2018-01-01,99.8
precip_lenkeran,2018-02-01,66.6
precip_lenkeran,2018-03-01,43.9
precip_lenkeran,2018-04-01,21.4
precip_lenkeran,2018-05-01,7.4
precip_lenkeran,2018-06-01,19.2
precip_lenkeran,2018-07-01,5.3
precip_lenkeran,2018-08-01,41.4
precip_lenkeran,2018-09-01,85.6
precip_lenkeran,2018-10-01,139.2
precip_lenkeran,2018-11-01,274.8
precip_lenkeran,2018-12-01,131.2
precip_lenkeran,2019-01-01,47.8
precip_lenkeran,2019-02-01,91.8
precip_lenkeran,2019-03-01,161.7
precip_lenkeran,2019-04-01,92.2
precip_lenkeran,2019-05-01,14.6
precip_lenkeran,2019-06-01,1.7
precip_lenkeran,2019-07-01,18.8
precip_lenkeran,2019-08-01,72.4
precip_lenkeran,2019-09-01,160.0
precip_lenkeran,2019-10-01,108.2
precip_lenkeran,2019-11-01,135.0
precip_lenkeran,2019-12-01,101.3
precip_lenkeran,2020-01-01,146.0
precip_lenkeran,2020-02-01,99.2
precip_lenkeran,2020-03-01,120.3
precip_lenkeran,2020-04-01,146.6
precip_lenkeran,2020-05-01,16.9
precip_lenkeran,2020-06-01,6.9
precip_lenkeran,2020-07-01,20.9
precip_lenkeran,2020-08-01,50.2
precip_lenkeran,2020-09-01,41.8
precip_lenkeran,2020-10-01,88.1
precip_lenkeran,2020-11-01,298.1
precip_lenkeran,2020-12-01,127.6
precip_lenkeran,2021-01-01,37.6
precip_lenkeran,2021-02-01,72.7
precip_lenkeran,2021-03-01,85.5
precip_lenkeran,2021-04-01,4.5
precip_lenkeran,2021-05-01,29.3
precip_lenkeran,2021-06-01,11.6
precip_lenkeran,2021-07-01,58.9
precip_lenkeran,2021-08-01,21.3
precip_lenkeran,2021-09-01,171.0
precip_lenkeran,2021-10-01,168.5
precip_lenkeran,2021-11-01,109.8
precip_lenkeran,2021-12-01,52.0
precip_lenkeran,2022-01-01,56.2
precip_lenkeran,2022-02-01,32.6
precip_lenkeran,2022-03-01,191.4
precip_lenkeran,2022-04-01,10.1
precip_lenkeran,2022-05-01,91.0
precip_lenkeran,2022-06-01,4.2
precip_lenkeran,2022-07-01,24.5
precip_lenkeran,2022-08-01,3.7
precip_lenkeran,2022-09-01,101.4
precip_lenkeran,2022-10-01,172.9
precip_lenkeran,2022-11-01,186.1
precip_lenkeran,2022-12-01,93.8
precip_lenkeran,2023-01-01,111.1
precip_lenkeran,2023-02-01,45.3
precip_lenkeran,2023-03-01,52.2
precip_lenkeran,2023-04-01,48.5
precip_lenkeran,2023-05-01,115.1
precip_lenkeran,2023-06-01,21.7
precip_lenkeran,2023-07-01,86.3
precip_lenkeran,2023-08-01,166.6
precip_lenkeran,2023-09-01,156.3
precip_lenkeran,2023-10-01,74.3
precip_lenkeran,2023-11-01,29.4
precip_lenkeran,2023-12-01,86.2
precip_lenkeran,2024-01-01,212.8
precip_lenkeran,2024-02-01,48.3
precip_lenkeran,2024-03-01,84.6
precip_lenkeran,2024-04-01,38.5
precip_lenkeran,2024-05-01,130.7
precip_lenkeran,2024-06-01,58.7
precip_lenkeran,2024-07-01,58.0
precip_lenkeran,2024-08-01,14.1
precip_lenkeran,2024-09-01,27.6
precip_lenkeran,2024-10-01,176.4
precip_lenkeran,2024-11-01,145.1
precip_lenkeran,2024-12-01,73.8
precip_lenkeran,2025-01-01,16.8
precip_lenkeran,2025-02-01,171.0
precip_lenkeran,2025-03-01,99.7
precip_lenkeran,2025-04-01,68.6
precip_lenkeran,2025-05-01,11.7
precip_lenkeran,2025-06-01,20.8
precip_lenkeran,2025-07-01,3.1
precip_lenkeran,2025-08-01,27.0
precip_lenkeran,2025-09-01,207.0
precip_lenkeran,2025-10-01,80.8
precip_lenkeran,2025-11-01,32.8
precip_lenkeran,2025-12-01,96.3
precip_lenkeran,2026-01-01,176.4
precip_lenkeran,2026-02-01,96.6
precip_lenkeran,2026-03-01,139.2
precip_lenkeran,2026-04-01,48.7
precip_lenkeran,2026-05-01,60.4
precip_lenkeran,2026-06-01,36.7
precip_lenkeran,2026-07-01,10.3
precip_lenkeran,2026-08-01,22.6
precip_lenkeran,2026-09-01,19.2
