series,date,value,lat,lon,depth,place
eq_mag,1953-04-30,5.36,41.13,48.129,15.0,"28 km NE of Qutqashen, Azerbaijan"
eq_mag,1954-10-30,5.62,40.306,46.015,15.0,"21 km SSW of Verkhniy Dashkesan, Azerbaijan"
eq_mag,1956-03-21,5.66,40.932,48.382,15.0,"19 km N of Basqal, Azerbaijan"
eq_mag,1959-07-31,5.31,38.656,49.381,35.0,"47 km ESE of Lankaran, Azerbaijan"
eq_mag,1959-08-13,5.26,39.786,48.4,35.0,"10 km S of ?hm?db?yli, Azerbaijan"
eq_mag,1961-09-18,5.56,40.958,50.084,53.3,"43 km N of Bilajer, Azerbaijan"
eq_mag,1963-01-27,5.73,41.013,49.732,45.5,"30 km NE of ?uraabad, Azerbaijan"
eq_mag,1964-11-09,5.19,39.824,48.494,40.0,"10 km SE of ?hm?db?yli, Azerbaijan"
eq_mag,1966-04-20,6.0,41.707,48.179,25.9,"4 km NE of Kasumkent, Russia"
eq_mag,1968-05-11,5.14,40.952,49.762,59.0,"28 km ENE of ?uraabad, Azerbaijan"
eq_mag,1968-06-09,5.4,39.115,46.202,15.0,"20 km WSW of Kapan, Armenia"
eq_mag,1968-06-17,5.16,40.987,48.193,15.0,"22 km N of ?smay?ll?, Azerbaijan"
eq_mag,1968-09-01,5.29,39.097,46.22,15.0,"20 km SW of Kapan, Armenia"
eq_mag,1968-10-05,5.31,41.653,49.517,55.0,"62 km ENE of Xaçmaz, Azerbaijan"
eq_mag,1969-11-04,5.19,40.195,50.288,40.9,"19 km S of Zyrya, Azerbaijan"
eq_mag,1970-03-14,5.53,38.582,44.793,18.8,"14 km WNW of Khowy, Iran"
eq_mag,1970-11-21,5.37,40.063,48.431,52.5,"7 km NNW of Sabirabad, Azerbaijan"
eq_mag,1971-10-15,5.22,41.216,48.593,35.0,"17 km SSE of Quba, Azerbaijan"
eq_mag,1971-12-20,5.59,41.178,48.373,35.0,"23 km SSW of Quba, Azerbaijan"
eq_mag,1971-12-20,5.55,41.116,48.415,35.0,"28 km SSW of Quba, Azerbaijan"
eq_mag,1971-12-20,5.22,41.16,48.421,35.0,"23 km SSW of Quba, Azerbaijan"
eq_mag,1972-02-03,5.35,40.761,48.445,15.0,"4 km E of Basqal, Azerbaijan"
eq_mag,1973-10-26,4.5,40.877,48.189,33.0,"10 km NNE of ?smay?ll?, Azerbaijan"
eq_mag,1973-12-14,5.1,41.876,49.028,79.0,"39 km NE of Xudat, Azerbaijan"
eq_mag,1975-10-20,4.7,41.66,48.249,33.0,"5 km SSW of Gereykhanovskoye, Russia"
eq_mag,1975-12-16,4.7,39.58,48.297,58.0,"22 km NNW of B?leh Sav?r, Iran"
eq_mag,1976-02-03,5.2,39.933,48.415,58.0,"3 km E of Saatl?, Azerbaijan"
eq_mag,1976-07-27,4.7,40.326,48.881,33.0,"23 km S of Qobustan, Azerbaijan"
eq_mag,1976-11-28,4.6,41.322,47.177,60.0,"5 km E of Ba? Göynük, Azerbaijan"
eq_mag,1977-09-30,4.8,40.082,44.989,9.0,"18 km WSW of Tsovasar, Armenia"
eq_mag,1977-11-21,4.6,41.668,50.111,33.0,"103 km NE of Gilgilçay, Azerbaijan"
eq_mag,1977-12-21,4.7,41.952,47.915,33.0,"2 km W of Khuchni, Russia"
eq_mag,1978-03-16,4.6,41.285,49.26,69.0,"21 km NE of Gilgilçay, Azerbaijan"
eq_mag,1978-05-26,5.6,41.963,46.546,38.0,"22 km SE of Tlyarata, Russia"
eq_mag,1978-06-09,4.6,40.964,48.488,33.0,"24 km NNE of Basqal, Azerbaijan"
eq_mag,1979-01-16,4.5,41.237,48.628,33.0,"16 km SE of Quba, Azerbaijan"
eq_mag,1979-03-02,4.7,41.094,46.676,33.0,"30 km NE of Q?rm?z? Samux, Azerbaijan"
eq_mag,1979-11-08,4.7,38.736,48.836,33.0,"2 km SSW of Lankaran, Azerbaijan"
eq_mag,1979-11-21,4.6,38.373,47.275,10.0,"21 km ESE of Ahar, Iran"
eq_mag,1980-03-25,4.7,38.757,45.445,41.0,"27 km SW of Culfa, Azerbaijan"
eq_mag,1980-03-25,4.5,38.702,45.689,58.0,"26 km S of Yayc?, Azerbaijan"
eq_mag,1980-04-01,4.9,40.796,47.887,70.0,"20 km NE of Göyçay, Azerbaijan"
eq_mag,1980-05-16,4.5,38.776,45.945,49.0,"12 km SSE of Deste, Azerbaijan"
eq_mag,1980-10-10,4.7,38.315,45.77,33.0,"13 km S of Marand, Iran"
eq_mag,1980-12-11,4.8,40.22,45.88,62.0,"9 km E of Mets Masrik, Armenia"
eq_mag,1980-12-29,4.6,38.609,45.019,33.0,"8 km NE of Khowy, Iran"
eq_mag,1981-01-04,4.7,38.443,44.842,33.0,"15 km SW of Khowy, Iran"
eq_mag,1981-02-23,5.1,41.793,45.975,33.0,"15 km ENE of Gurjaani, Georgia"
eq_mag,1981-05-24,4.6,38.44,45.266,33.0,"29 km ESE of Khowy, Iran"
eq_mag,1981-08-05,4.6,38.369,49.554,33.0,"59 km E of ?st?r?, Iran"
eq_mag,1981-11-19,5.0,40.734,49.193,33.0,"20 km SW of Kilyazi, Azerbaijan"
eq_mag,1981-11-29,5.1,40.836,48.078,44.7,"8 km NW of ?smay?ll?, Azerbaijan"
eq_mag,1981-12-02,5.1,40.926,48.09,33.0,"16 km NNW of ?smay?ll?, Azerbaijan"
eq_mag,1981-12-04,4.7,40.865,48.325,33.0,"13 km NNW of Basqal, Azerbaijan"
eq_mag,1982-01-20,4.8,40.232,47.814,33.0,"8 km E of Zardob, Azerbaijan"
eq_mag,1982-04-29,4.5,41.024,48.092,33.0,"20 km ENE of Qutqashen, Azerbaijan"
eq_mag,1982-05-03,5.2,41.183,46.198,33.0,"31 km NNW of Q?rm?z? Samux, Azerbaijan"
eq_mag,1982-12-17,4.7,40.991,49.561,33.0,"20 km NNE of ?uraabad, Azerbaijan"
eq_mag,1982-12-22,4.6,41.769,45.893,33.0,"8 km ENE of Gurjaani, Georgia"
eq_mag,1983-02-23,4.6,40.56,50.034,33.0,"0 km SW of Bilajer, Azerbaijan"
eq_mag,1983-04-02,4.6,39.042,48.714,33.0,"4 km E of Masally, Azerbaijan"
eq_mag,1983-04-12,4.6,40.577,50.068,33.0,"2 km ENE of Bilajer, Azerbaijan"
eq_mag,1984-03-25,4.5,38.488,45.231,33.0,"25 km ESE of Khowy, Iran"
eq_mag,1984-06-29,4.6,38.388,45.167,33.0,"26 km SE of Khowy, Iran"
eq_mag,1984-08-24,4.9,38.46,45.943,10.0,"14 km ENE of Marand, Iran"
eq_mag,1985-02-05,4.5,39.73,49.096,33.0,"16 km SE of Qaraçala, Azerbaijan"
eq_mag,1985-04-18,4.5,39.783,44.799,33.0,"2 km NNW of Armash, Armenia"
eq_mag,1985-05-09,4.5,39.299,48.771,33.0,"25 km NE of Prishibinskoye, Azerbaijan"
eq_mag,1986-01-06,4.9,40.537,49.299,33.0,"23 km WSW of Hac? Zeynalabdin, Azerbaijan"
eq_mag,1986-01-27,5.3,38.885,48.62,71.2,"9 km WSW of Boradigah, Azerbaijan"
eq_mag,1986-02-07,4.7,40.983,49.526,33.0,"18 km NNE of ?uraabad, Azerbaijan"
eq_mag,1986-06-02,4.6,40.996,47.861,33.0,"1 km NNE of Qutqashen, Azerbaijan"
eq_mag,1986-07-10,4.7,38.376,45.114,33.0,Northwestern Iran
eq_mag,1986-07-12,4.8,38.438,45.164,35.7,"22 km SE of Khowy, Iran"
eq_mag,1986-07-17,4.5,38.444,45.397,33.0,"33 km W of Marand, Iran"
eq_mag,1986-08-24,4.5,40.812,49.66,33.0,"16 km E of ?uraabad, Azerbaijan"
eq_mag,1986-11-05,4.5,38.694,48.617,86.2,"14 km WSW of Haftoni, Azerbaijan"
eq_mag,1987-11-05,4.5,40.182,49.817,33.0,"17 km SSE of Lökbatan, Azerbaijan"
eq_mag,1988-01-07,4.7,38.346,45.476,33.0,"27 km WSW of Marand, Iran"
eq_mag,1988-01-27,4.6,39.829,45.15,33.0,"7 km NNW of Rrind, Armenia"
eq_mag,1988-12-07,4.6,40.69,45.37,10.0,"10 km N of Chambarak, Armenia"
eq_mag,1988-12-08,4.9,40.755,44.817,10.0,"3 km WNW of Dilijan, Armenia"
eq_mag,1989-04-13,4.8,41.764,45.855,33.0,"5 km ENE of Gurjaani, Georgia"
eq_mag,1989-08-15,4.7,41.132,48.672,33.0,"27 km WSW of Divichibazar, Azerbaijan"
eq_mag,1989-08-24,5.2,41.687,49.273,33.0,"46 km ENE of Xaçmaz, Azerbaijan"
eq_mag,1989-12-02,4.6,38.64,45.373,10.0,"37 km ENE of Khowy, Iran"
eq_mag,1989-12-03,4.7,38.315,45.216,10.0,"34 km SE of Khowy, Iran"
eq_mag,1990-01-07,4.6,41.321,49.452,33.0,"36 km ENE of Gilgilçay, Azerbaijan"
eq_mag,1991-01-01,4.9,39.822,48.439,60.7,"7 km SSE of ?hm?db?yli, Azerbaijan"
eq_mag,1991-10-18,4.5,41.642,47.638,33.0,"13 km WNW of Kurakh, Russia"
eq_mag,1991-10-21,4.5,41.982,46.746,33.0,"29 km SSW of Tsurib, Russia"
eq_mag,1992-01-06,4.5,40.342,49.786,33.0,"1 km W of Badamdar, Azerbaijan"
eq_mag,1992-12-09,4.8,40.058,45.312,15.8,"5 km ESE of Madina, Armenia"
eq_mag,1993-03-19,4.5,41.931,46.693,67.0,"33 km NE of Belokany, Azerbaijan"
eq_mag,1993-03-30,4.5,38.379,45.047,45.1,"20 km SSE of Khowy, Iran"
eq_mag,1993-08-31,5.3,41.878,49.466,84.6,"70 km ENE of Xudat, Azerbaijan"
eq_mag,1993-10-15,4.8,40.744,48.105,56.1,"5 km SW of ?smay?ll?, Azerbaijan"
eq_mag,1993-10-25,4.7,41.336,49.478,33.0,"39 km NE of Gilgilçay, Azerbaijan"
eq_mag,1994-04-17,5.0,41.948,46.317,33.0,Russia-Georgia-Azerbaijan border region
eq_mag,1994-06-30,4.9,40.941,50.609,33.0,"57 km NNE of Pirallah?, Azerbaijan"
eq_mag,1994-09-05,4.7,41.905,46.231,61.6,"9 km NNW of Lagodekhi, Georgia"
eq_mag,1994-12-19,4.6,40.934,47.816,33.0,"6 km SSW of Qutqashen, Azerbaijan"
eq_mag,1995-01-04,4.5,41.285,48.874,33.0,"13 km NW of Divichibazar, Azerbaijan"
eq_mag,1995-05-13,4.8,40.678,50.592,53.2,"32 km NE of Pirallah?, Azerbaijan"
eq_mag,1995-05-15,4.8,38.468,49.435,26.3,"48 km E of Astara, Azerbaijan"
eq_mag,1995-05-15,4.5,38.545,49.294,33.0,"37 km ENE of Astara, Azerbaijan"
eq_mag,1995-05-27,4.8,39.028,48.944,33.0,"23 km ENE of Boradigah, Azerbaijan"
eq_mag,1995-08-17,4.5,38.961,48.908,74.3,"17 km E of Boradigah, Azerbaijan"
eq_mag,1996-01-03,5.4,38.994,48.72,56.4,"6 km SE of Masally, Azerbaijan"
eq_mag,1996-04-22,5.0,39.165,47.369,29.1,"31 km S of Horadiz, Azerbaijan"
eq_mag,1996-06-18,4.7,39.159,45.796,51.2,"23 km N of Sumbatan-diza, Azerbaijan"
eq_mag,1997-03-05,4.8,40.918,49.507,33.0,"11 km NNE of ?uraabad, Azerbaijan"
eq_mag,1997-10-03,4.5,40.659,48.874,33.0,"14 km NNW of Qobustan, Azerbaijan"
eq_mag,1997-11-27,5.3,41.849,45.332,37.5,"12 km N of Sagarejo, Georgia"
eq_mag,1998-02-27,4.6,39.688,49.134,50.5,Near the coast of Azerbaijan
eq_mag,1998-04-18,4.5,40.973,49.848,33.0,"36 km ENE of ?uraabad, Azerbaijan"
eq_mag,1998-05-04,4.5,40.63,49.557,33.0,"0 km N of Hac? Zeynalabdin, Azerbaijan"
eq_mag,1998-07-07,4.6,41.852,46.019,33.0,"20 km SE of Q’vareli, Georgia"
eq_mag,1998-07-09,6.0,38.717,48.507,26.0,"10 km SE of Lerik, Azerbaijan"
eq_mag,1998-07-09,4.5,38.887,48.637,33.0,"7 km SW of Boradigah, Azerbaijan"
eq_mag,1998-11-18,4.8,38.365,45.169,33.0,"27 km SE of Khowy, Iran"
eq_mag,1998-11-23,4.6,38.348,45.085,21.2,"25 km SSE of Khowy, Iran"
eq_mag,1999-06-04,5.4,40.802,47.448,33.0,"17 km N of A?da?, Azerbaijan"
eq_mag,1999-08-19,4.6,38.303,46.452,33.0,"28 km NNE of Tabriz, Iran"
eq_mag,1999-10-03,4.5,38.91,48.673,70.9,"3 km SW of Boradigah, Azerbaijan"
eq_mag,1999-10-12,4.7,39.136,48.314,65.9,"17 km WSW of Jalilabad, Azerbaijan"
eq_mag,2000-03-21,5.2,39.949,48.23,59.7,"12 km W of Saatl?, Azerbaijan"
eq_mag,2000-09-27,4.7,41.084,49.559,29.3,"29 km NE of Kilyazi, Azerbaijan"
eq_mag,2000-10-28,4.5,40.211,50.609,33.0,"31 km ESE of Zyrya, Azerbaijan"
eq_mag,2000-11-25,6.8,40.245,49.946,50.4,"15 km SSE of Baku, Azerbaijan"
eq_mag,2000-11-25,6.5,40.167,49.954,33.0,"23 km SSE of Badamdar, Azerbaijan"
eq_mag,2000-11-25,4.5,40.05,50.157,33.0,"35 km S of Türkan, Azerbaijan"
eq_mag,2000-11-26,4.7,40.048,50.188,49.1,"35 km S of Türkan, Azerbaijan"
eq_mag,2000-11-26,4.6,39.898,50.133,33.0,"52 km S of Türkan, Azerbaijan"
eq_mag,2000-11-26,4.5,40.123,50.186,54.4,"26 km S of Türkan, Azerbaijan"
eq_mag,2000-11-28,4.7,40.239,50.03,33.0,"15 km SSW of Hövsan, Azerbaijan"
eq_mag,2000-11-29,5.0,39.856,50.209,33.0,"56 km S of Türkan, Azerbaijan"
eq_mag,2000-11-30,4.6,40.12,50.116,33.0,"28 km S of Hövsan, Azerbaijan"
eq_mag,2001-01-07,5.2,40.171,50.143,33.0,"22 km SSW of Türkan, Azerbaijan"
eq_mag,2001-06-12,4.5,39.018,47.261,33.0,"46 km E of Mincivan, Azerbaijan"
eq_mag,2001-10-29,4.6,38.922,48.642,53.5,"5 km W of Boradigah, Azerbaijan"
eq_mag,2002-02-11,5.0,40.102,50.211,54.2,"29 km S of Türkan, Azerbaijan"
eq_mag,2002-02-11,4.7,40.114,50.214,56.6,"27 km S of Türkan, Azerbaijan"
eq_mag,2002-04-07,4.5,38.384,45.261,42.0,"32 km SE of Khowy, Iran"
eq_mag,2002-04-25,4.8,41.765,44.96,10.0,Georgia-Armenia border region
eq_mag,2003-01-20,4.6,40.439,49.914,33.0,"2 km S of Balakhani, Azerbaijan"
eq_mag,2003-06-01,4.7,41.069,47.382,33.9,"7 km W of O?uz, Azerbaijan"
eq_mag,2003-08-11,4.7,38.832,44.882,33.0,"14 km WSW of Qarah ???’ od D?n, Iran"
eq_mag,2003-10-24,4.6,40.681,50.213,33.0,"19 km NE of Bilajer, Azerbaijan"
eq_mag,2003-11-10,4.7,41.079,48.98,33.0,"11 km W of Kyzyl-Burun, Azerbaijan"
eq_mag,2005-03-13,4.6,40.339,45.844,10.0,"14 km ENE of Geghamasar, Armenia"
eq_mag,2005-04-11,4.5,39.51,49.19,27.7,"11 km NE of X?ll?, Azerbaijan"
eq_mag,2006-02-04,4.5,41.201,48.795,41.3,"16 km W of Divichibazar, Azerbaijan"
eq_mag,2007-07-11,5.2,38.751,48.598,25.6,"14 km W of Haftoni, Azerbaijan"
eq_mag,2007-08-23,4.6,40.636,48.518,27.6,"10 km W of Shamakhi, Azerbaijan"
eq_mag,2008-09-02,5.0,38.724,45.794,3.0,"20 km SSW of Deste, Azerbaijan"
eq_mag,2009-01-03,4.5,41.802,49.018,10.0,"33 km NE of Xudat, Azerbaijan"
eq_mag,2009-06-04,4.9,40.714,50.592,33.4,"35 km NE of Pirallah?, Azerbaijan"
eq_mag,2010-06-03,4.5,40.679,50.408,45.6,"24 km NNE of Pirallah?, Azerbaijan"
eq_mag,2012-03-11,4.5,41.481,46.853,10.0,"5 km WNW of Çinarl?, Azerbaijan"
eq_mag,2012-05-07,5.6,41.549,46.789,11.0,"1 km ENE of Mamrux, Azerbaijan"
eq_mag,2012-05-07,4.6,41.468,46.752,11.9,"8 km S of Mamrux, Azerbaijan"
eq_mag,2012-05-07,4.6,41.423,46.76,16.6,"12 km ESE of Aliabad, Azerbaijan"
eq_mag,2012-05-07,5.3,41.553,46.719,11.9,"4 km WNW of Mamrux, Azerbaijan"
eq_mag,2012-05-18,4.9,41.576,46.755,14.8,"3 km NNW of Mamrux, Azerbaijan"
eq_mag,2012-05-18,5.1,41.439,46.789,18.1,"11 km WSW of Çinarl?, Azerbaijan"
eq_mag,2012-08-11,5.1,38.482,46.759,4.0,"27 km W of Ahar, Iran"
eq_mag,2012-08-11,5.0,38.436,46.735,9.7,"29 km W of Ahar, Iran"
eq_mag,2012-08-11,4.5,38.422,46.673,4.0,"35 km W of Ahar, Iran"
eq_mag,2012-08-11,4.8,38.342,46.693,4.0,"36 km WSW of Ahar, Iran"
eq_mag,2012-08-11,4.7,38.428,46.789,4.3,"25 km WSW of Ahar, Iran"
eq_mag,2012-08-11,6.2,38.389,46.745,12.0,"30 km WSW of Ahar, Iran"
eq_mag,2012-08-11,4.8,38.427,46.703,7.8,"32 km W of Ahar, Iran"
eq_mag,2012-08-11,5.0,38.44,46.78,4.0,"25 km W of Ahar, Iran"
eq_mag,2012-08-11,6.4,38.329,46.826,11.0,"26 km SW of Ahar, Iran"
eq_mag,2012-08-13,4.6,38.47,46.66,14.1,"35 km W of Ahar, Iran"
eq_mag,2012-08-14,5.1,38.45,46.79,6.0,"24 km W of Ahar, Iran"
eq_mag,2012-08-15,5.3,38.41,46.672,4.0,"35 km WSW of Ahar, Iran"
eq_mag,2012-08-16,4.9,38.403,46.707,10.0,"32 km WSW of Ahar, Iran"
eq_mag,2012-09-27,4.5,38.47,46.64,18.0,"37 km W of Ahar, Iran"
eq_mag,2012-10-07,5.4,40.747,48.437,17.4,"3 km ESE of Basqal, Azerbaijan"
eq_mag,2012-10-13,4.6,41.83,46.327,9.2,"4 km E of Lagodekhi, Georgia"
eq_mag,2012-10-14,5.5,41.825,46.405,10.0,"10 km E of Lagodekhi, Georgia"
eq_mag,2012-11-07,5.4,38.418,46.62,10.0,"39 km W of Ahar, Iran"
eq_mag,2012-11-16,4.9,38.56,46.59,15.0,"42 km WNW of Ahar, Iran"
eq_mag,2012-12-23,5.2,38.458,44.868,12.4,"12 km SW of Khowy, Iran"
eq_mag,2013-01-26,4.8,38.36,46.84,6.0,"23 km WSW of Ahar, Iran"
eq_mag,2013-04-18,4.8,38.401,45.441,10.3,"29 km W of Marand, Iran"
eq_mag,2013-09-09,4.7,40.7429,50.1416,24.29,"21 km NNE of Bilajer, Azerbaijan"
eq_mag,2014-02-10,5.4,40.288,48.8033,64.66,"21 km N of Mughan, Azerbaijan"
eq_mag,2014-06-29,5.0,41.6028,46.6653,33.59,"3 km SSE of Zaqatala, Azerbaijan"
eq_mag,2014-09-18,4.5,38.6836,48.8359,47.8,"7 km S of Lankaran, Azerbaijan"
eq_mag,2014-09-29,5.3,41.1965,48.1004,13.23,"29 km SSE of Usukhchay, Russia"
eq_mag,2014-10-04,4.8,41.1414,47.9386,50.09,"19 km NNE of Qutqashen, Azerbaijan"
eq_mag,2015-01-26,5.0,41.2918,48.8748,50.12,"13 km NW of Divichibazar, Azerbaijan"
eq_mag,2015-03-12,4.5,38.3873,49.1201,26.91,Caspian Sea
eq_mag,2015-05-26,4.6,40.8048,46.9161,14.92,"12 km WNW of Mingelchaur, Azerbaijan"
eq_mag,2015-06-03,4.6,40.8741,48.7352,10.0,"16 km W of Alt?a?ac, Azerbaijan"
eq_mag,2015-09-04,5.4,40.9329,47.5328,13.96,"16 km SSE of O?uz, Azerbaijan"
eq_mag,2016-01-12,4.5,39.1672,48.3423,10.0,"13 km WSW of Jalilabad, Azerbaijan"
eq_mag,2016-08-01,5.0,39.9542,47.976,16.0,"11 km NW of Imishli, Azerbaijan"
eq_mag,2016-12-13,4.5,40.9506,48.6465,44.92,"26 km WNW of Alt?a?ac, Azerbaijan"
eq_mag,2016-12-20,4.5,41.9242,46.7731,10.0,"34 km NNE of Zaqatala, Azerbaijan"
eq_mag,2017-02-06,4.6,40.4762,50.6267,35.0,"25 km E of Pirallah?, Azerbaijan"
eq_mag,2017-05-11,5.1,39.8156,48.5695,62.93,"16 km ESE of ?hm?db?yli, Azerbaijan"
eq_mag,2017-06-07,4.7,41.4667,45.9331,10.0,"17 km S of Sighnaghi, Georgia"
eq_mag,2017-07-20,4.5,40.0288,48.467,10.0,"2 km NNW of Sabirabad, Azerbaijan"
eq_mag,2017-10-04,4.5,41.5874,48.6131,10.0,"7 km SW of Xudat, Azerbaijan"
eq_mag,2017-11-15,5.2,40.3082,47.3317,22.13,Azerbaijan
eq_mag,2017-11-17,4.5,40.3657,47.3685,35.0,"20 km E of Barda, Azerbaijan"
eq_mag,2018-06-05,5.3,41.5263,46.7857,22.65,"2 km SE of Mamrux, Azerbaijan"
eq_mag,2018-06-26,4.5,38.833,48.8258,10.0,"9 km NNW of Lankaran, Azerbaijan"
eq_mag,2018-08-28,5.0,38.8209,48.8124,10.0,"7 km NE of Haftoni, Azerbaijan"
eq_mag,2018-12-17,4.7,38.544,49.5347,26.47,"58 km E of Astara, Azerbaijan"
eq_mag,2019-02-05,4.6,40.9017,48.5879,10.0,"23 km NE of Basqal, Azerbaijan"
eq_mag,2019-02-05,5.0,40.8961,48.6067,10.0,"23 km NE of Basqal, Azerbaijan"
eq_mag,2019-08-10,4.9,41.6599,46.6057,10.0,"4 km NW of Zaqatala, Azerbaijan"
eq_mag,2020-02-15,4.6,40.1236,50.4248,30.87,"29 km SSE of Zyrya, Azerbaijan"
eq_mag,2020-11-04,4.5,40.1588,48.2776,59.75,"22 km SSE of Kyurdarmir, Azerbaijan"
eq_mag,2021-01-28,4.6,41.2151,49.9622,35.0,"60 km NE of ?uraabad, Azerbaijan"
eq_mag,2021-02-05,5.2,40.5023,45.3486,12.83,"9 km SSW of Vahan, Armenia"
eq_mag,2021-11-20,5.0,40.7299,48.7112,10.0,"12 km NNE of Shamakhi, Azerbaijan"
eq_mag,2021-11-20,4.5,40.6354,48.6029,10.0,"3 km W of Shamakhi, Azerbaijan"
eq_mag,2022-09-21,5.1,38.4613,44.9496,10.0,"9 km S of Khowy, Iran"
eq_mag,2022-10-05,5.6,38.5064,45.0259,15.0,"8 km SE of Khowy, Iran"
eq_mag,2022-10-05,4.5,38.5939,45.0923,10.0,"13 km ENE of Khowy, Iran"
eq_mag,2023-01-18,5.7,38.4334,44.9458,19.102,"12 km S of Khowy, Iran"
eq_mag,2023-01-28,5.9,38.4199,44.9097,16.0,"14 km SSW of Khowy, Iran"
eq_mag,2023-01-28,5.1,38.4811,44.9282,10.0,"7 km SSW of Khowy, Iran"
eq_mag,2023-01-28,4.5,38.6005,44.8287,10.0,"12 km WNW of Khowy, Iran"
eq_mag,2023-01-29,4.7,38.4906,44.8693,10.0,"9 km SW of Khowy, Iran"
eq_mag,2023-01-29,4.5,38.4819,44.7507,10.0,"19 km WSW of Khowy, Iran"
eq_mag,2023-03-16,5.2,38.5027,45.0678,10.0,"11 km ESE of Khowy, Iran"
eq_mag,2023-03-24,5.6,38.4614,44.8505,11.0,"13 km SW of Khowy, Iran"
eq_mag,2023-06-17,4.5,38.4669,44.9405,10.0,"9 km S of Khowy, Iran"
eq_mag,2023-07-03,5.3,41.7302,49.2849,53.0,"49 km NE of Xaçmaz, Azerbaijan"
eq_mag,2023-07-26,4.7,38.7467,48.8812,57.826,"2 km ESE of Lankaran, Azerbaijan"
eq_mag,2023-08-22,4.9,39.0206,48.7354,54.611,"6 km ESE of Masally, Azerbaijan"
eq_mag,2023-09-03,4.9,40.3087,48.227,68.322,"7 km ESE of Kyurdarmir, Azerbaijan"
eq_mag,2023-11-08,4.9,39.3399,48.2203,42.593,"12 km WSW of Bīleh Savār, Iran"
eq_mag,2023-12-07,5.4,41.1658,49.7285,39.269,"44 km NNE of Şuraabad, Azerbaijan"
eq_mag,2023-12-23,4.6,38.518,46.722,10.0,"30 km W of Ahar, Iran"
eq_mag,2024-01-19,4.8,39.8359,48.8025,50.837,"11 km W of Qaraçala, Azerbaijan"
eq_mag,2024-05-11,4.9,38.864,48.7298,65.131,"7 km SSE of Boradigah, Azerbaijan"
eq_mag,2024-06-28,4.8,38.7363,48.5051,10.0,"8 km ESE of Lerik, Azerbaijan"
eq_mag,2026-02-27,4.8,40.755,48.6895,10.0,"14 km NNE of Shamakhi, Azerbaijan"
eq_mag,2026-04-08,5.6,38.8483,49.6061,21.0,"63 km SSE of Sovetabad, Azerbaijan"
eq_mag,2026-04-12,4.7,38.6757,49.5609,10.0,"62 km E of Lankaran, Azerbaijan"
eq_mag,2026-06-12,4.9,40.9227,47.8256,65.023,"6 km SSW of Qutqashen, Azerbaijan"
eq_mag,2026-08-14,4.9,41.1261,48.7607,10.0,"20 km WSW of Divichibazar, Azerbaijan"
eq_mag,2026-10-01,4.5,41.6704,46.7292,10.0,"8 km ENE of Zaqatala, Azerbaijan"
