as_of,gosterici,ad,vahid,il,baza,p05,p10,p25,p50,p75,p90,p95,orta,ES10,baseline_id,feeds_sha
2026-10-02,g,Qeyri-neft ÜDM-in real artımı,%,2026,5.312,3.50499,4.0774,4.99811,5.93855,6.86879,7.72974,8.32158,5.9234,3.15979,B-7854a9d6fc,8872fb4c|5921de7d|b8f03b4a|f5e81721|cabb0528|9d71a1ad|f8b86934|38c11c2d|14700b55
2026-10-02,g,Qeyri-neft ÜDM-in real artımı,%,2027,5.43,-0.242789,1.57812,4.63629,7.43741,9.90288,11.9098,13.0592,7.08992,-0.658939,B-7854a9d6fc,8872fb4c|5921de7d|b8f03b4a|f5e81721|cabb0528|9d71a1ad|f8b86934|38c11c2d|14700b55
2026-10-02,g,Qeyri-neft ÜDM-in real artımı,%,2028,5.603,-2.37504,-0.595368,2.59661,5.6106,8.43544,10.6935,12.0163,5.34435,-2.8888,B-7854a9d6fc,8872fb4c|5921de7d|b8f03b4a|f5e81721|cabb0528|9d71a1ad|f8b86934|38c11c2d|14700b55
2026-10-02,g,Qeyri-neft ÜDM-in real artımı,%,2029,5.632,-2.08872,-0.349325,2.77458,5.85382,8.63665,10.9041,12.3585,5.58741,-2.59261,B-7854a9d6fc,8872fb4c|5921de7d|b8f03b4a|f5e81721|cabb0528|9d71a1ad|f8b86934|38c11c2d|14700b55
2026-10-02,g,Qeyri-neft ÜDM-in real artımı,%,2030,5.727,-2.02633,-0.261086,2.7989,5.92779,8.7971,11.2503,12.7903,5.71895,-2.59752,B-7854a9d6fc,8872fb4c|5921de7d|b8f03b4a|f5e81721|cabb0528|9d71a1ad|f8b86934|38c11c2d|14700b55
2026-10-02,cpi,İnflyasiya (illik orta),%,2026,5.2991,2.24553,3.15318,4.45651,5.66463,6.9016,8.19204,9.0779,5.67095,9.56404,B-7854a9d6fc,8872fb4c|5921de7d|b8f03b4a|f5e81721|cabb0528|9d71a1ad|f8b86934|38c11c2d|14700b55
2026-10-02,cpi,İnflyasiya (illik orta),%,2027,5.7416,-0.586464,1.3618,4.04902,6.68447,9.37386,12.057,13.8952,6.69135,14.9459,B-7854a9d6fc,8872fb4c|5921de7d|b8f03b4a|f5e81721|cabb0528|9d71a1ad|f8b86934|38c11c2d|14700b55
2026-10-02,cpi,İnflyasiya (illik orta),%,2028,5.8752,-1.07596,0.840606,3.60613,6.27271,8.99821,11.6427,13.5352,6.28003,14.5888,B-7854a9d6fc,8872fb4c|5921de7d|b8f03b4a|f5e81721|cabb0528|9d71a1ad|f8b86934|38c11c2d|14700b55
2026-10-02,cpi,İnflyasiya (illik orta),%,2029,5.9149,-1.03973,0.871144,3.63289,6.34442,9.1052,11.8637,13.7129,6.37108,14.7409,B-7854a9d6fc,8872fb4c|5921de7d|b8f03b4a|f5e81721|cabb0528|9d71a1ad|f8b86934|38c11c2d|14700b55
2026-10-02,cpi,İnflyasiya (illik orta),%,2030,5.9278,-0.986326,0.892466,3.62364,6.34149,9.01312,11.7256,13.6941,6.31967,14.602,B-7854a9d6fc,8872fb4c|5921de7d|b8f03b4a|f5e81721|cabb0528|9d71a1ad|f8b86934|38c11c2d|14700b55
2026-10-02,fis,Büdcə balansı / ÜDM,%,2026,0.715281,-1.11135,-0.624614,0.0678885,0.714061,1.36322,2.03545,2.52351,0.711698,-1.39042,B-7854a9d6fc,8872fb4c|5921de7d|b8f03b4a|f5e81721|cabb0528|9d71a1ad|f8b86934|38c11c2d|14700b55
2026-10-02,fis,Büdcə balansı / ÜDM,%,2027,0.427957,-5.57621,-4.03403,-1.91608,0.133804,2.21769,4.29882,5.83587,0.132523,-6.44008,B-7854a9d6fc,8872fb4c|5921de7d|b8f03b4a|f5e81721|cabb0528|9d71a1ad|f8b86934|38c11c2d|14700b55
2026-10-02,fis,Büdcə balansı / ÜDM,%,2028,0.263554,-6.09845,-4.50106,-2.34359,-0.140108,2.0404,4.23173,5.94644,-0.148395,-6.96559,B-7854a9d6fc,8872fb4c|5921de7d|b8f03b4a|f5e81721|cabb0528|9d71a1ad|f8b86934|38c11c2d|14700b55
2026-10-02,fis,Büdcə balansı / ÜDM,%,2029,0.215981,-6.32769,-4.79358,-2.55587,-0.334034,1.84501,4.04164,5.56971,-0.348222,-7.10192,B-7854a9d6fc,8872fb4c|5921de7d|b8f03b4a|f5e81721|cabb0528|9d71a1ad|f8b86934|38c11c2d|14700b55
2026-10-02,fis,Büdcə balansı / ÜDM,%,2030,0.264098,-6.62971,-4.93822,-2.6625,-0.305105,2.03921,4.43124,6.10922,-0.296967,-7.41467,B-7854a9d6fc,8872fb4c|5921de7d|b8f03b4a|f5e81721|cabb0528|9d71a1ad|f8b86934|38c11c2d|14700b55
2026-10-02,brent,Brent neft qiyməti,USD/barel,2026,68.98,77.9014,78.4837,85.366,92.3927,97.5207,99.6774,99.7189,91.0023,76.6554,B-7854a9d6fc,8872fb4c|5921de7d|b8f03b4a|f5e81721|cabb0528|9d71a1ad|f8b86934|38c11c2d|14700b55
2026-10-02,brent,Brent neft qiyməti,USD/barel,2027,68.97,39.8766,47.8208,66.2229,86.8764,111.165,125.184,133.672,88.2539,40.2101,B-7854a9d6fc,8872fb4c|5921de7d|b8f03b4a|f5e81721|cabb0528|9d71a1ad|f8b86934|38c11c2d|14700b55
2026-10-02,brent,Brent neft qiyməti,USD/barel,2028,69.4,33.4215,41.4998,58.3918,86.7391,120.35,155.261,175.439,93.0732,32.2361,B-7854a9d6fc,8872fb4c|5921de7d|b8f03b4a|f5e81721|cabb0528|9d71a1ad|f8b86934|38c11c2d|14700b55
2026-10-02,brent,Brent neft qiyməti,USD/barel,2029,69.46,27.4978,35.1943,54.0527,84.8477,128.074,178.304,212.306,97.7296,26.4315,B-7854a9d6fc,8872fb4c|5921de7d|b8f03b4a|f5e81721|cabb0528|9d71a1ad|f8b86934|38c11c2d|14700b55
2026-10-02,brent,Brent neft qiyməti,USD/barel,2030,69.19,23.2849,30.9815,50.5058,84.3231,134.921,197.548,248.282,102.822,22.4053,B-7854a9d6fc,8872fb4c|5921de7d|b8f03b4a|f5e81721|cabb0528|9d71a1ad|f8b86934|38c11c2d|14700b55
