variable,level_point,level_q05,level_q25,level_q50,level_q75,level_q95,growth_point,growth_q05,growth_q50,growth_q95
total employed,5273.522442913625,5049.524787574113,5173.748068881143,5273.522442913625,5384.573302163344,5518.134239416728,0.6508872518076636,-0.21906950683010573,0.6508872088599515,1.5677659070355083
hired employees,1866.5656696328138,1669.3578610207917,1782.418780173905,1894.0811342147026,1957.7869830170807,2017.1010800758208,0.6508872518076636,-1.7778978086091273,1.0096295955793533,2.554119904843227
state,984.6546693188395,938.2575323539834,961.7443776946508,986.7548549385899,1009.7121597532292,1036.1994352086285,-1.2643271765712116,-2.3774772649480687,-1.1953059712495995,-0.2192498624387958
budget organisations,578.6432663959324,540.9919421510536,559.6868773673871,575.4062469187537,591.4121392975197,612.4935051214186,-0.6115608417775364,-1.8128739846510693,-0.7085665892196835,0.5076802789749757
"oil, tax-record basis",41.62950551405373,38.02219550622867,40.0330389088835,41.5580233595255,43.37967608431963,45.43338132751309,-2.717107438867006,-4.464745961636063,-2.750539361459481,-1.000902226627149
"oil, statistical basis",26.89968173451382,24.568751065749034,25.868095049815835,26.853492206611364,28.03058710415295,29.357627066223998,-2.717107438867006,-4.464745961636063,-2.750539361459481,-1.000902226627149
"Agriculture, forestry & fishing",1870.957671824914,1799.3987424897673,1831.0878881651167,1873.6475418920468,1910.3268231416496,1947.780900618012,0.6816706825112595,-0.10501199406916184,0.7104825211532217,1.5101769389329964
Industry,424.4887809931341,402.2542633906046,414.69334817945133,425.1781302790595,435.6960322242268,446.8930418548153,0.5007200658404543,-0.5884573499494217,0.5254607156540025,1.530981670243665
Construction,419.4140806986097,391.7448324994263,408.6829282686293,422.0720584422476,433.73547481068897,449.0233020624952,0.48231742814413003,-0.8450640361448258,0.6094180454162879,1.8135772058820054
Trade & repair,752.6388780633705,719.4346541397771,732.9708847358886,751.8516822819788,772.193117059705,787.7518644104723,0.7004719180182528,-0.16782511229993968,0.701184715380665,1.6240523498800186
Accommodation & food,110.9103068755862,99.50875460916971,105.03097246935177,110.53840764165705,116.46237967522833,126.19430192497197,0.9988681399173638,-1.6894591611905085,0.9135144421117514,4.080603538652047
Transport & storage,218.98553349174344,204.28038754427263,212.52193980054943,219.27982962932646,226.63107622132114,234.32502126816792,0.7402669318323563,-0.5632772237308875,0.7063663497891226,2.1731093319836403
Information & communication,64.28488831943424,60.92285463381343,62.97760729374127,64.52947391270015,65.89890554721731,67.8711694260864,0.945723481250127,-0.13111930341190015,1.0044897375840578,2.0910678709618478
Other services (9 activities),1411.8423026468326,1341.459786778582,1375.2513029994852,1414.71744788156,1448.3909601040573,1489.6068891671011,0.6252491365748014,-0.3231045570777136,0.7219088100583249,1.6574855008910572
