series,date,value,unit,slug,isin,maturity_days,name
bfb_cbar_note_avg_yield,2026-09-16,6.34,%,an-auction-was-held-for-placement-of-168-days-notes-of-the-central-bank-of-the-republic-of-azerbaijan-77,AZ2710024707,168.0,Central Bank of the Republic of Azerbaijan
bfb_cbar_note_avg_yield,2026-09-16,6.56,%,an-auction-was-held-for-placement-of-28-days-short-term-notes-of-the-central-bank-of-the-republic-of-azerbaijan-77,AZ2708024701,28.0,Central Bank of the Republic of Azerbaijan
bfb_cbar_note_avg_yield,2026-09-17,6.49,%,an-auction-was-held-for-placement-of-252-days-notes-of-the-central-bank-of-the-republic-of-azerbaijan-76,AZ2711024706,252.0,Central Bank of the Republic of Azerbaijan
bfb_cbar_note_avg_yield,2026-09-17,6.49,%,an-auction-was-held-for-placement-of-84-days-notes-of-the-central-bank-of-the-republic-of-azerbaijan-75,AZ2709024700,84.0,Central Bank of the Republic of Azerbaijan
bfb_cbar_note_avg_yield,2026-09-23,6.61,%,an-auction-was-held-for-placement-of-168-days-notes-of-the-central-bank-of-the-republic-of-azerbaijan-78,AZ2714024703,168.0,Central Bank of the Republic of Azerbaijan
bfb_cbar_note_avg_yield,2026-09-23,6.51,%,an-auction-was-held-for-placement-of-28-days-short-term-notes-of-the-central-bank-of-the-republic-of-azerbaijan-78,AZ2715024702,28.0,Central Bank of the Republic of Azerbaijan
bfb_cbar_note_avg_yield,2026-09-24,6.67,%,an-auction-was-held-for-placement-of-252-days-notes-of-the-central-bank-of-the-republic-of-azerbaijan-77,AZ2712024705,252.0,Central Bank of the Republic of Azerbaijan
bfb_cbar_note_avg_yield,2026-09-24,6.56,%,an-auction-was-held-for-placement-of-84-days-notes-of-the-central-bank-of-the-republic-of-azerbaijan-76,AZ2713024704,84.0,Central Bank of the Republic of Azerbaijan
bfb_cbar_note_avg_yield,2026-09-30,6.6,%,an-auction-was-held-for-placement-of-168-days-notes-of-the-central-bank-of-the-republic-of-azerbaijan-79,AZ2718024709,168.0,Central Bank of the Republic of Azerbaijan
bfb_cbar_note_avg_yield,2026-09-30,6.5,%,an-auction-was-held-for-placement-of-28-days-short-term-notes-of-the-central-bank-of-the-republic-of-azerbaijan-79,AZ2719024708,28.0,Central Bank of the Republic of Azerbaijan
bfb_cbar_note_avg_yield,2026-10-01,6.67,%,an-auction-was-held-for-placement-of-252-days-notes-of-the-central-bank-of-the-republic-of-azerbaijan-78,AZ2716024701,252.0,Central Bank of the Republic of Azerbaijan
bfb_cbar_note_avg_yield,2026-10-01,6.55,%,an-auction-was-held-for-placement-of-84-days-notes-of-the-central-bank-of-the-republic-of-azerbaijan-77,AZ2717024700,84.0,Central Bank of the Republic of Azerbaijan
bfb_cbar_note_avg_yield,2026-10-07,6.6,%,an-auction-was-held-for-placement-of-168-days-notes-of-the-central-bank-of-the-republic-of-azerbaijan-80,AZ2721024704,168.0,Central Bank of the Republic of Azerbaijan
bfb_cbar_note_avg_yield,2026-10-07,6.47,%,an-auction-was-held-for-placement-of-28-days-short-term-notes-of-the-central-bank-of-the-republic-of-azerbaijan-80,AZ2723024702,28.0,Central Bank of the Republic of Azerbaijan
bfb_cbar_note_avg_yield,2026-10-08,6.62,%,an-auction-was-held-for-placement-of-252-days-notes-of-the-central-bank-of-the-republic-of-azerbaijan-79,AZ2720024705,252.0,Central Bank of the Republic of Azerbaijan
bfb_cbar_note_avg_yield,2026-10-08,6.51,%,an-auction-was-held-for-placement-of-84-days-notes-of-the-central-bank-of-the-republic-of-azerbaijan-78,AZ2722024703,84.0,Central Bank of the Republic of Azerbaijan
bfb_cbar_note_cut_yield,2026-09-16,6.34,%,an-auction-was-held-for-placement-of-168-days-notes-of-the-central-bank-of-the-republic-of-azerbaijan-77,AZ2710024707,168.0,Central Bank of the Republic of Azerbaijan
bfb_cbar_note_cut_yield,2026-09-16,6.97,%,an-auction-was-held-for-placement-of-28-days-short-term-notes-of-the-central-bank-of-the-republic-of-azerbaijan-77,AZ2708024701,28.0,Central Bank of the Republic of Azerbaijan
bfb_cbar_note_cut_yield,2026-09-17,6.75,%,an-auction-was-held-for-placement-of-252-days-notes-of-the-central-bank-of-the-republic-of-azerbaijan-76,AZ2711024706,252.0,Central Bank of the Republic of Azerbaijan
bfb_cbar_note_cut_yield,2026-09-17,6.75,%,an-auction-was-held-for-placement-of-84-days-notes-of-the-central-bank-of-the-republic-of-azerbaijan-75,AZ2709024700,84.0,Central Bank of the Republic of Azerbaijan
bfb_cbar_note_cut_yield,2026-09-23,6.65,%,an-auction-was-held-for-placement-of-168-days-notes-of-the-central-bank-of-the-republic-of-azerbaijan-78,AZ2714024703,168.0,Central Bank of the Republic of Azerbaijan
bfb_cbar_note_cut_yield,2026-09-23,6.6,%,an-auction-was-held-for-placement-of-28-days-short-term-notes-of-the-central-bank-of-the-republic-of-azerbaijan-78,AZ2715024702,28.0,Central Bank of the Republic of Azerbaijan
bfb_cbar_note_cut_yield,2026-09-24,6.69,%,an-auction-was-held-for-placement-of-252-days-notes-of-the-central-bank-of-the-republic-of-azerbaijan-77,AZ2712024705,252.0,Central Bank of the Republic of Azerbaijan
bfb_cbar_note_cut_yield,2026-09-24,6.6,%,an-auction-was-held-for-placement-of-84-days-notes-of-the-central-bank-of-the-republic-of-azerbaijan-76,AZ2713024704,84.0,Central Bank of the Republic of Azerbaijan
bfb_cbar_note_cut_yield,2026-09-30,6.62,%,an-auction-was-held-for-placement-of-168-days-notes-of-the-central-bank-of-the-republic-of-azerbaijan-79,AZ2718024709,168.0,Central Bank of the Republic of Azerbaijan
bfb_cbar_note_cut_yield,2026-09-30,6.52,%,an-auction-was-held-for-placement-of-28-days-short-term-notes-of-the-central-bank-of-the-republic-of-azerbaijan-79,AZ2719024708,28.0,Central Bank of the Republic of Azerbaijan
bfb_cbar_note_cut_yield,2026-10-01,6.68,%,an-auction-was-held-for-placement-of-252-days-notes-of-the-central-bank-of-the-republic-of-azerbaijan-78,AZ2716024701,252.0,Central Bank of the Republic of Azerbaijan
bfb_cbar_note_cut_yield,2026-10-01,6.56,%,an-auction-was-held-for-placement-of-84-days-notes-of-the-central-bank-of-the-republic-of-azerbaijan-77,AZ2717024700,84.0,Central Bank of the Republic of Azerbaijan
bfb_cbar_note_cut_yield,2026-10-07,6.61,%,an-auction-was-held-for-placement-of-168-days-notes-of-the-central-bank-of-the-republic-of-azerbaijan-80,AZ2721024704,168.0,Central Bank of the Republic of Azerbaijan
bfb_cbar_note_cut_yield,2026-10-07,6.47,%,an-auction-was-held-for-placement-of-28-days-short-term-notes-of-the-central-bank-of-the-republic-of-azerbaijan-80,AZ2723024702,28.0,Central Bank of the Republic of Azerbaijan
bfb_cbar_note_cut_yield,2026-10-08,6.67,%,an-auction-was-held-for-placement-of-252-days-notes-of-the-central-bank-of-the-republic-of-azerbaijan-79,AZ2720024705,252.0,Central Bank of the Republic of Azerbaijan
bfb_cbar_note_cut_yield,2026-10-08,6.55,%,an-auction-was-held-for-placement-of-84-days-notes-of-the-central-bank-of-the-republic-of-azerbaijan-78,AZ2722024703,84.0,Central Bank of the Republic of Azerbaijan
bfb_cbar_note_demand_azn,2026-09-16,57000000.0,AZN,an-auction-was-held-for-placement-of-168-days-notes-of-the-central-bank-of-the-republic-of-azerbaijan-77,AZ2710024707,168.0,Central Bank of the Republic of Azerbaijan
bfb_cbar_note_demand_azn,2026-09-16,57600000.0,AZN,an-auction-was-held-for-placement-of-28-days-short-term-notes-of-the-central-bank-of-the-republic-of-azerbaijan-77,AZ2708024701,28.0,Central Bank of the Republic of Azerbaijan
bfb_cbar_note_demand_azn,2026-09-17,32800000.0,AZN,an-auction-was-held-for-placement-of-252-days-notes-of-the-central-bank-of-the-republic-of-azerbaijan-76,AZ2711024706,252.0,Central Bank of the Republic of Azerbaijan
bfb_cbar_note_demand_azn,2026-09-17,49800000.0,AZN,an-auction-was-held-for-placement-of-84-days-notes-of-the-central-bank-of-the-republic-of-azerbaijan-75,AZ2709024700,84.0,Central Bank of the Republic of Azerbaijan
bfb_cbar_note_demand_azn,2026-09-23,37000000.0,AZN,an-auction-was-held-for-placement-of-168-days-notes-of-the-central-bank-of-the-republic-of-azerbaijan-78,AZ2714024703,168.0,Central Bank of the Republic of Azerbaijan
bfb_cbar_note_demand_azn,2026-09-23,55000000.0,AZN,an-auction-was-held-for-placement-of-28-days-short-term-notes-of-the-central-bank-of-the-republic-of-azerbaijan-78,AZ2715024702,28.0,Central Bank of the Republic of Azerbaijan
bfb_cbar_note_demand_azn,2026-09-24,32300000.0,AZN,an-auction-was-held-for-placement-of-252-days-notes-of-the-central-bank-of-the-republic-of-azerbaijan-77,AZ2712024705,252.0,Central Bank of the Republic of Azerbaijan
bfb_cbar_note_demand_azn,2026-09-24,47800000.0,AZN,an-auction-was-held-for-placement-of-84-days-notes-of-the-central-bank-of-the-republic-of-azerbaijan-76,AZ2713024704,84.0,Central Bank of the Republic of Azerbaijan
bfb_cbar_note_demand_azn,2026-09-30,39000000.0,AZN,an-auction-was-held-for-placement-of-168-days-notes-of-the-central-bank-of-the-republic-of-azerbaijan-79,AZ2718024709,168.0,Central Bank of the Republic of Azerbaijan
bfb_cbar_note_demand_azn,2026-09-30,83000000.0,AZN,an-auction-was-held-for-placement-of-28-days-short-term-notes-of-the-central-bank-of-the-republic-of-azerbaijan-79,AZ2719024708,28.0,Central Bank of the Republic of Azerbaijan
bfb_cbar_note_demand_azn,2026-10-01,42000000.0,AZN,an-auction-was-held-for-placement-of-252-days-notes-of-the-central-bank-of-the-republic-of-azerbaijan-78,AZ2716024701,252.0,Central Bank of the Republic of Azerbaijan
bfb_cbar_note_demand_azn,2026-10-01,51000000.0,AZN,an-auction-was-held-for-placement-of-84-days-notes-of-the-central-bank-of-the-republic-of-azerbaijan-77,AZ2717024700,84.0,Central Bank of the Republic of Azerbaijan
bfb_cbar_note_demand_azn,2026-10-07,43100000.0,AZN,an-auction-was-held-for-placement-of-168-days-notes-of-the-central-bank-of-the-republic-of-azerbaijan-80,AZ2721024704,168.0,Central Bank of the Republic of Azerbaijan
bfb_cbar_note_demand_azn,2026-10-07,69000000.0,AZN,an-auction-was-held-for-placement-of-28-days-short-term-notes-of-the-central-bank-of-the-republic-of-azerbaijan-80,AZ2723024702,28.0,Central Bank of the Republic of Azerbaijan
bfb_cbar_note_demand_azn,2026-10-08,38000000.0,AZN,an-auction-was-held-for-placement-of-252-days-notes-of-the-central-bank-of-the-republic-of-azerbaijan-79,AZ2720024705,252.0,Central Bank of the Republic of Azerbaijan
bfb_cbar_note_demand_azn,2026-10-08,40000000.0,AZN,an-auction-was-held-for-placement-of-84-days-notes-of-the-central-bank-of-the-republic-of-azerbaijan-78,AZ2722024703,84.0,Central Bank of the Republic of Azerbaijan
bfb_cbar_note_volume_azn,2026-09-16,40000000.0,AZN,an-auction-was-held-for-placement-of-168-days-notes-of-the-central-bank-of-the-republic-of-azerbaijan-77,AZ2710024707,168.0,Central Bank of the Republic of Azerbaijan
bfb_cbar_note_volume_azn,2026-09-16,50000000.0,AZN,an-auction-was-held-for-placement-of-28-days-short-term-notes-of-the-central-bank-of-the-republic-of-azerbaijan-77,AZ2708024701,28.0,Central Bank of the Republic of Azerbaijan
bfb_cbar_note_volume_azn,2026-09-17,30000000.0,AZN,an-auction-was-held-for-placement-of-252-days-notes-of-the-central-bank-of-the-republic-of-azerbaijan-76,AZ2711024706,252.0,Central Bank of the Republic of Azerbaijan
bfb_cbar_note_volume_azn,2026-09-17,49800000.0,AZN,an-auction-was-held-for-placement-of-84-days-notes-of-the-central-bank-of-the-republic-of-azerbaijan-75,AZ2709024700,84.0,Central Bank of the Republic of Azerbaijan
bfb_cbar_note_volume_azn,2026-09-23,20000000.0,AZN,an-auction-was-held-for-placement-of-168-days-notes-of-the-central-bank-of-the-republic-of-azerbaijan-78,AZ2714024703,168.0,Central Bank of the Republic of Azerbaijan
bfb_cbar_note_volume_azn,2026-09-23,20000000.0,AZN,an-auction-was-held-for-placement-of-28-days-short-term-notes-of-the-central-bank-of-the-republic-of-azerbaijan-78,AZ2715024702,28.0,Central Bank of the Republic of Azerbaijan
bfb_cbar_note_volume_azn,2026-09-24,20000000.0,AZN,an-auction-was-held-for-placement-of-252-days-notes-of-the-central-bank-of-the-republic-of-azerbaijan-77,AZ2712024705,252.0,Central Bank of the Republic of Azerbaijan
bfb_cbar_note_volume_azn,2026-09-24,20000000.0,AZN,an-auction-was-held-for-placement-of-84-days-notes-of-the-central-bank-of-the-republic-of-azerbaijan-76,AZ2713024704,84.0,Central Bank of the Republic of Azerbaijan
bfb_cbar_note_volume_azn,2026-09-30,20000000.0,AZN,an-auction-was-held-for-placement-of-168-days-notes-of-the-central-bank-of-the-republic-of-azerbaijan-79,AZ2718024709,168.0,Central Bank of the Republic of Azerbaijan
bfb_cbar_note_volume_azn,2026-09-30,20000000.0,AZN,an-auction-was-held-for-placement-of-28-days-short-term-notes-of-the-central-bank-of-the-republic-of-azerbaijan-79,AZ2719024708,28.0,Central Bank of the Republic of Azerbaijan
bfb_cbar_note_volume_azn,2026-10-01,20000000.0,AZN,an-auction-was-held-for-placement-of-252-days-notes-of-the-central-bank-of-the-republic-of-azerbaijan-78,AZ2716024701,252.0,Central Bank of the Republic of Azerbaijan
bfb_cbar_note_volume_azn,2026-10-01,20000000.0,AZN,an-auction-was-held-for-placement-of-84-days-notes-of-the-central-bank-of-the-republic-of-azerbaijan-77,AZ2717024700,84.0,Central Bank of the Republic of Azerbaijan
bfb_cbar_note_volume_azn,2026-10-07,20000000.0,AZN,an-auction-was-held-for-placement-of-168-days-notes-of-the-central-bank-of-the-republic-of-azerbaijan-80,AZ2721024704,168.0,Central Bank of the Republic of Azerbaijan
bfb_cbar_note_volume_azn,2026-10-07,20000000.0,AZN,an-auction-was-held-for-placement-of-28-days-short-term-notes-of-the-central-bank-of-the-republic-of-azerbaijan-80,AZ2723024702,28.0,Central Bank of the Republic of Azerbaijan
bfb_cbar_note_volume_azn,2026-10-08,20000000.0,AZN,an-auction-was-held-for-placement-of-252-days-notes-of-the-central-bank-of-the-republic-of-azerbaijan-79,AZ2720024705,252.0,Central Bank of the Republic of Azerbaijan
bfb_cbar_note_volume_azn,2026-10-08,20000000.0,AZN,an-auction-was-held-for-placement-of-84-days-notes-of-the-central-bank-of-the-republic-of-azerbaijan-78,AZ2722024703,84.0,Central Bank of the Republic of Azerbaijan
bfb_mof_bond_avg_yield,2026-09-15,6.8658,%,an-auction-was-held-for-placement-of-720-day-bonds-of-the-ministry-of-finance-7,AZ0201240030,720.0,Ministry of Finance of the Republic of Azerbaijan
bfb_mof_bond_avg_yield,2026-09-22,7.1269,%,an-auction-was-held-for-placement-of-1080-day-bonds-of-the-ministry-of-finance-10,AZ0201240048,1080.0,Ministry of Finance of the Republic of Azerbaijan
bfb_mof_bond_avg_yield,2026-09-29,7.1844,%,an-auction-was-held-for-placement-of-1080-day-bonds-of-the-ministry-of-finance-11,AZ0201240055,1080.0,Ministry of Finance of the Republic of Azerbaijan
bfb_mof_bond_avg_yield,2026-10-06,6.9908,%,an-auction-was-held-for-placement-of-720-day-bonds-of-the-ministry-of-finance-8,AZ0201240063,720.0,Ministry of Finance of the Republic of Azerbaijan
bfb_mof_bond_cut_yield,2026-09-15,7.0,%,an-auction-was-held-for-placement-of-720-day-bonds-of-the-ministry-of-finance-7,AZ0201240030,720.0,Ministry of Finance of the Republic of Azerbaijan
bfb_mof_bond_cut_yield,2026-09-22,7.25,%,an-auction-was-held-for-placement-of-1080-day-bonds-of-the-ministry-of-finance-10,AZ0201240048,1080.0,Ministry of Finance of the Republic of Azerbaijan
bfb_mof_bond_cut_yield,2026-09-29,7.25,%,an-auction-was-held-for-placement-of-1080-day-bonds-of-the-ministry-of-finance-11,AZ0201240055,1080.0,Ministry of Finance of the Republic of Azerbaijan
bfb_mof_bond_cut_yield,2026-10-06,7.0,%,an-auction-was-held-for-placement-of-720-day-bonds-of-the-ministry-of-finance-8,AZ0201240063,720.0,Ministry of Finance of the Republic of Azerbaijan
bfb_mof_bond_demand_azn,2026-09-15,444118300.0,AZN,an-auction-was-held-for-placement-of-720-day-bonds-of-the-ministry-of-finance-7,AZ0201240030,720.0,Ministry of Finance of the Republic of Azerbaijan
bfb_mof_bond_demand_azn,2026-09-22,257485100.0,AZN,an-auction-was-held-for-placement-of-1080-day-bonds-of-the-ministry-of-finance-10,AZ0201240048,1080.0,Ministry of Finance of the Republic of Azerbaijan
bfb_mof_bond_demand_azn,2026-09-29,267199000.0,AZN,an-auction-was-held-for-placement-of-1080-day-bonds-of-the-ministry-of-finance-11,AZ0201240055,1080.0,Ministry of Finance of the Republic of Azerbaijan
bfb_mof_bond_demand_azn,2026-10-06,207129400.0,AZN,an-auction-was-held-for-placement-of-720-day-bonds-of-the-ministry-of-finance-8,AZ0201240063,720.0,Ministry of Finance of the Republic of Azerbaijan
bfb_mof_bond_volume_azn,2026-09-15,361761100.0,AZN,an-auction-was-held-for-placement-of-720-day-bonds-of-the-ministry-of-finance-7,AZ0201240030,720.0,Ministry of Finance of the Republic of Azerbaijan
bfb_mof_bond_volume_azn,2026-09-22,10284500.0,AZN,an-auction-was-held-for-placement-of-1080-day-bonds-of-the-ministry-of-finance-10,AZ0201240048,1080.0,Ministry of Finance of the Republic of Azerbaijan
bfb_mof_bond_volume_azn,2026-09-29,19595800.0,AZN,an-auction-was-held-for-placement-of-1080-day-bonds-of-the-ministry-of-finance-11,AZ0201240055,1080.0,Ministry of Finance of the Republic of Azerbaijan
bfb_mof_bond_volume_azn,2026-10-06,94570800.0,AZN,an-auction-was-held-for-placement-of-720-day-bonds-of-the-ministry-of-finance-8,AZ0201240063,720.0,Ministry of Finance of the Republic of Azerbaijan
