model_id,scenario_id,vintage_id,series_id,concept,unit,frequency,year,value,status,source_file,source_sheet,source_cell,method,data_status,source_value_type,reporting_role,parent_vintage_id,input_vintage_id,fr_ids,fr_id,error,coverage_scope,price_basis,unit_scale_unresolved,source_atom_id,caveat,primary_source_file,primary_source_sheet,primary_source_cell,transformation
ministry_macro,baseline,ministry_supplied_original_2025_expected,statutory_2_4_1_1_28,"İnflyasiya (İQİ, orta illik)",%,annual,2013,,run_error,8 vərəq.xlsx,2.4.1.1.,D28,portable_original_workbook_formula;historical_source;#REF!;literal source error,source_historical,formula_error,statutory_template,ministry_supplied_original_2025_expected,,"[""FR9""]",,,,,,,,,,,
ministry_macro,baseline,ministry_supplied_original_2025_expected,statutory_2_4_1_1_28,"İnflyasiya (İQİ, orta illik)",%,annual,2014,,run_error,8 vərəq.xlsx,2.4.1.1.,E28,portable_original_workbook_formula;historical_source;#REF!;literal source error,source_historical,formula_error,statutory_template,ministry_supplied_original_2025_expected,,"[""FR9""]",,,,,,,,,,,
ministry_macro,baseline,ministry_supplied_original_2025_expected,statutory_2_4_1_1_28,"İnflyasiya (İQİ, orta illik)",%,annual,2015,,run_error,8 vərəq.xlsx,2.4.1.1.,F28,portable_original_workbook_formula;historical_source;#REF!;literal source error,source_historical,formula_error,statutory_template,ministry_supplied_original_2025_expected,,"[""FR9""]",,,,,,,,,,,
ministry_macro,baseline,ministry_supplied_original_2025_expected,statutory_2_4_1_1_28,"İnflyasiya (İQİ, orta illik)",%,annual,2016,,run_error,8 vərəq.xlsx,2.4.1.1.,G28,portable_original_workbook_formula;historical_source;#REF!;literal source error,source_historical,formula_error,statutory_template,ministry_supplied_original_2025_expected,,"[""FR9""]",,,,,,,,,,,
ministry_macro,baseline,ministry_supplied_original_2025_expected,statutory_2_4_1_1_28,"İnflyasiya (İQİ, orta illik)",%,annual,2017,,run_error,8 vərəq.xlsx,2.4.1.1.,H28,portable_original_workbook_formula;historical_source;#REF!;literal source error,source_historical,formula_error,statutory_template,ministry_supplied_original_2025_expected,,"[""FR9""]",,,,,,,,,,,
ministry_macro,baseline,ministry_supplied_original_2025_expected,statutory_2_4_1_1_28,"İnflyasiya (İQİ, orta illik)",%,annual,2018,,run_error,8 vərəq.xlsx,2.4.1.1.,I28,portable_original_workbook_formula;historical_source;#REF!;literal source error,source_historical,formula_error,statutory_template,ministry_supplied_original_2025_expected,,"[""FR9""]",,,,,,,,,,,
ministry_macro,baseline,ministry_supplied_original_2025_expected,statutory_2_4_1_1_28,"İnflyasiya (İQİ, orta illik)",%,annual,2019,,run_error,8 vərəq.xlsx,2.4.1.1.,J28,portable_original_workbook_formula;historical_source;#REF!;literal source error,source_historical,formula_error,statutory_template,ministry_supplied_original_2025_expected,,"[""FR9""]",,,,,,,,,,,
ministry_macro,baseline,ministry_supplied_original_2025_expected,statutory_2_4_1_1_28,"İnflyasiya (İQİ, orta illik)",%,annual,2020,,run_error,8 vərəq.xlsx,2.4.1.1.,K28,portable_original_workbook_formula;historical_source;#REF!;literal source error,source_historical,formula_error,statutory_template,ministry_supplied_original_2025_expected,,"[""FR9""]",,,,,,,,,,,
ministry_macro,baseline,ministry_supplied_original_2025_expected,statutory_2_4_1_1_28,"İnflyasiya (İQİ, orta illik)",%,annual,2021,,run_error,8 vərəq.xlsx,2.4.1.1.,L28,portable_original_workbook_formula;historical_source;#REF!;literal source error,source_historical,formula_error,statutory_template,ministry_supplied_original_2025_expected,,"[""FR9""]",,,,,,,,,,,
ministry_macro,baseline,ministry_supplied_original_2025_expected,statutory_2_4_1_1_28,"İnflyasiya (İQİ, orta illik)",%,annual,2022,,run_error,8 vərəq.xlsx,2.4.1.1.,M28,portable_original_workbook_formula;historical_source;#REF!;literal source error,source_historical,formula_error,statutory_template,ministry_supplied_original_2025_expected,,"[""FR9""]",,,,,,,,,,,
ministry_macro,baseline,ministry_supplied_original_2025_expected,statutory_2_4_1_1_28,"İnflyasiya (İQİ, orta illik)",%,annual,2023,,run_error,8 vərəq.xlsx,2.4.1.1.,N28,portable_original_workbook_formula;historical_source;#REF!;literal source error,source_historical,formula_error,statutory_template,ministry_supplied_original_2025_expected,,"[""FR9""]",,,,,,,,,,,
ministry_macro,baseline,ministry_supplied_original_2025_expected,statutory_2_4_1_1_28,"İnflyasiya (İQİ, orta illik)",%,annual,2024,,run_error,8 vərəq.xlsx,2.4.1.1.,O28,portable_original_workbook_formula;historical_source;#REF!;literal source error,source_historical,formula_error,statutory_template,ministry_supplied_original_2025_expected,,"[""FR9""]",,,,,,,,,,,
ministry_macro,baseline,ministry_supplied_original_2025_expected,statutory_2_4_1_1_28,"İnflyasiya (İQİ, orta illik)",%,annual,2025,1.7422720542668912,run_calculated,8 vərəq.xlsx,2.4.1.1.,P28,portable_original_workbook_formula;expected,original_formula_expected,formula_calculated,statutory_template,ministry_supplied_original_2025_expected,,"[""FR9""]",,,,,,,,,,,
ministry_macro,baseline,ministry_supplied_original_2025_expected,statutory_2_4_1_1_28,"İnflyasiya (İQİ, orta illik)",%,annual,2026,2.717971942270765,run_calculated,8 vərəq.xlsx,2.4.1.1.,Q28,portable_original_workbook_formula;forecast,original_formula_forecast,formula_calculated,statutory_template,ministry_supplied_original_2025_expected,,"[""FR9""]",,,,,,,,,,,
ministry_macro,baseline,ministry_supplied_original_2025_expected,statutory_2_4_1_1_28,"İnflyasiya (İQİ, orta illik)",%,annual,2027,5.065307508536904,run_calculated,8 vərəq.xlsx,2.4.1.1.,R28,portable_original_workbook_formula;forecast,original_formula_forecast,formula_calculated,statutory_template,ministry_supplied_original_2025_expected,,"[""FR9""]",,,,,,,,,,,
ministry_macro,baseline,ministry_supplied_original_2025_expected,statutory_2_4_1_1_28,"İnflyasiya (İQİ, orta illik)",%,annual,2028,6.702094542082264,run_calculated,8 vərəq.xlsx,2.4.1.1.,S28,portable_original_workbook_formula;forecast,original_formula_forecast,formula_calculated,statutory_template,ministry_supplied_original_2025_expected,,"[""FR9""]",,,,,,,,,,,
ministry_macro,baseline,ministry_supplied_original_2025_expected,statutory_2_4_1_1_28,"İnflyasiya (İQİ, orta illik)",%,annual,2029,7.066204461295754,run_calculated,8 vərəq.xlsx,2.4.1.1.,T28,portable_original_workbook_formula;forecast,original_formula_forecast,formula_calculated,statutory_template,ministry_supplied_original_2025_expected,,"[""FR9""]",,,,,,,,,,,
ministry_macro,baseline,ministry_supplied_original_2025_expected,statutory_2_4_1_1_28,"İnflyasiya (İQİ, orta illik)",%,annual,2030,7.203564825665893,run_calculated,8 vərəq.xlsx,2.4.1.1.,U28,portable_original_workbook_formula;forecast,original_formula_forecast,formula_calculated,statutory_template,ministry_supplied_original_2025_expected,,"[""FR9""]",,,,,,,,,,,
ministry_macro,baseline,ministry_supplied_original_2025_expected,statutory_2_4_1_5_-7_54,"İnflyasiya (İQİ, orta illik)",% ,annual,2013,3.5852118000661903,source_input,8 vərəq.xlsx,2.4.1.5.-7.,D54,preserved_original_source_literal;historical_source,source_historical,original_literal,statutory_template,ministry_supplied_original_2025_expected,,"[""FR9""]",,,,,,,,,,,
ministry_macro,baseline,ministry_supplied_original_2025_expected,statutory_2_4_1_5_-7_54,"İnflyasiya (İQİ, orta illik)",% ,annual,2014,1.3897263931173,source_input,8 vərəq.xlsx,2.4.1.5.-7.,E54,preserved_original_source_literal;historical_source,source_historical,original_literal,statutory_template,ministry_supplied_original_2025_expected,,"[""FR9""]",,,,,,,,,,,
ministry_macro,baseline,ministry_supplied_original_2025_expected,statutory_2_4_1_5_-7_54,"İnflyasiya (İQİ, orta illik)",% ,annual,2015,4.009236469730709,source_input,8 vərəq.xlsx,2.4.1.5.-7.,F54,preserved_original_source_literal;historical_source,source_historical,original_literal,statutory_template,ministry_supplied_original_2025_expected,,"[""FR9""]",,,,,,,,,,,
ministry_macro,baseline,ministry_supplied_original_2025_expected,statutory_2_4_1_5_-7_54,"İnflyasiya (İQİ, orta illik)",% ,annual,2016,12.445040203259566,source_input,8 vərəq.xlsx,2.4.1.5.-7.,G54,preserved_original_source_literal;historical_source,source_historical,original_literal,statutory_template,ministry_supplied_original_2025_expected,,"[""FR9""]",,,,,,,,,,,
ministry_macro,baseline,ministry_supplied_original_2025_expected,statutory_2_4_1_5_-7_54,"İnflyasiya (İQİ, orta illik)",% ,annual,2017,12.936747763929574,source_input,8 vərəq.xlsx,2.4.1.5.-7.,H54,preserved_original_source_literal;historical_source,source_historical,original_literal,statutory_template,ministry_supplied_original_2025_expected,,"[""FR9""]",,,,,,,,,,,
ministry_macro,baseline,ministry_supplied_original_2025_expected,statutory_2_4_1_5_-7_54,"İnflyasiya (İQİ, orta illik)",% ,annual,2018,2.299999999999997,run_calculated,8 vərəq.xlsx,2.4.1.5.-7.,I54,portable_original_workbook_formula;historical_source,source_historical,formula_calculated,statutory_template,ministry_supplied_original_2025_expected,,"[""FR9""]",,,,,,,,,,,
ministry_macro,baseline,ministry_supplied_original_2025_expected,statutory_2_4_1_5_-7_54,"İnflyasiya (İQİ, orta illik)",% ,annual,2019,2.5999999999999943,run_calculated,8 vərəq.xlsx,2.4.1.5.-7.,J54,portable_original_workbook_formula;historical_source,source_historical,formula_calculated,statutory_template,ministry_supplied_original_2025_expected,,"[""FR9""]",,,,,,,,,,,
ministry_macro,baseline,ministry_supplied_original_2025_expected,statutory_2_4_1_5_-7_54,"İnflyasiya (İQİ, orta illik)",% ,annual,2020,2.759884666911887,run_calculated,8 vərəq.xlsx,2.4.1.5.-7.,K54,portable_original_workbook_formula;historical_source,source_historical,formula_calculated,statutory_template,ministry_supplied_original_2025_expected,,"[""FR9""]",,,,,,,,,,,
ministry_macro,baseline,ministry_supplied_original_2025_expected,statutory_2_4_1_5_-7_54,"İnflyasiya (İQİ, orta illik)",% ,annual,2021,6.700000000000003,run_calculated,8 vərəq.xlsx,2.4.1.5.-7.,L54,portable_original_workbook_formula;historical_source,source_historical,formula_calculated,statutory_template,ministry_supplied_original_2025_expected,,"[""FR9""]",,,,,,,,,,,
ministry_macro,baseline,ministry_supplied_original_2025_expected,statutory_2_4_1_5_-7_54,"İnflyasiya (İQİ, orta illik)",% ,annual,2022,13.9,run_calculated,8 vərəq.xlsx,2.4.1.5.-7.,M54,portable_original_workbook_formula;historical_source,source_historical,formula_calculated,statutory_template,ministry_supplied_original_2025_expected,,"[""FR9""]",,,,,,,,,,,
ministry_macro,baseline,ministry_supplied_original_2025_expected,statutory_2_4_1_5_-7_54,"İnflyasiya (İQİ, orta illik)",% ,annual,2023,8.8,run_calculated,8 vərəq.xlsx,2.4.1.5.-7.,N54,portable_original_workbook_formula;historical_source,source_historical,formula_calculated,statutory_template,ministry_supplied_original_2025_expected,,"[""FR9""]",,,,,,,,,,,
ministry_macro,baseline,ministry_supplied_original_2025_expected,statutory_2_4_1_5_-7_54,"İnflyasiya (İQİ, orta illik)",% ,annual,2024,2.2,run_calculated,8 vərəq.xlsx,2.4.1.5.-7.,O54,portable_original_workbook_formula;historical_source,source_historical,formula_calculated,statutory_template,ministry_supplied_original_2025_expected,,"[""FR9""]",,,,,,,,,,,
ministry_macro,baseline,ministry_supplied_original_2025_expected,statutory_2_4_1_5_-7_54,"İnflyasiya (İQİ, orta illik)",% ,annual,2025,1.7422720542668912,run_calculated,8 vərəq.xlsx,2.4.1.5.-7.,P54,portable_original_workbook_formula;expected,original_formula_expected,formula_calculated,statutory_template,ministry_supplied_original_2025_expected,,"[""FR9""]",,,,,,,,,,,
ministry_macro,baseline,ministry_supplied_original_2025_expected,statutory_2_4_1_5_-7_54,"İnflyasiya (İQİ, orta illik)",% ,annual,2026,2.717971942270765,run_calculated,8 vərəq.xlsx,2.4.1.5.-7.,Q54,portable_original_workbook_formula;forecast,original_formula_forecast,formula_calculated,statutory_template,ministry_supplied_original_2025_expected,,"[""FR9""]",,,,,,,,,,,
ministry_macro,baseline,ministry_supplied_original_2025_expected,statutory_2_4_1_5_-7_54,"İnflyasiya (İQİ, orta illik)",% ,annual,2027,5.065307508536904,run_calculated,8 vərəq.xlsx,2.4.1.5.-7.,R54,portable_original_workbook_formula;forecast,original_formula_forecast,formula_calculated,statutory_template,ministry_supplied_original_2025_expected,,"[""FR9""]",,,,,,,,,,,
ministry_macro,baseline,ministry_supplied_original_2025_expected,statutory_2_4_1_5_-7_54,"İnflyasiya (İQİ, orta illik)",% ,annual,2028,6.702094542082264,run_calculated,8 vərəq.xlsx,2.4.1.5.-7.,S54,portable_original_workbook_formula;forecast,original_formula_forecast,formula_calculated,statutory_template,ministry_supplied_original_2025_expected,,"[""FR9""]",,,,,,,,,,,
ministry_macro,baseline,ministry_supplied_original_2025_expected,statutory_2_4_1_5_-7_54,"İnflyasiya (İQİ, orta illik)",% ,annual,2029,7.066204461295754,run_calculated,8 vərəq.xlsx,2.4.1.5.-7.,T54,portable_original_workbook_formula;forecast,original_formula_forecast,formula_calculated,statutory_template,ministry_supplied_original_2025_expected,,"[""FR9""]",,,,,,,,,,,
ministry_macro,baseline,ministry_supplied_original_2025_expected,statutory_2_4_1_5_-7_54,"İnflyasiya (İQİ, orta illik)",% ,annual,2030,7.203564825665893,run_calculated,8 vərəq.xlsx,2.4.1.5.-7.,U54,portable_original_workbook_formula;forecast,original_formula_forecast,formula_calculated,statutory_template,ministry_supplied_original_2025_expected,,"[""FR9""]",,,,,,,,,,,
ministry_macro,baseline,ministry_supplied_original_2025_expected,statutory_2_4_1_5_-7_55,Yaşayış minimumu,AZN,annual,2016,148.5,source_input,8 vərəq.xlsx,2.4.1.5.-7.,G55,preserved_original_source_literal;historical_source,source_historical,original_literal,statutory_template,ministry_supplied_original_2025_expected,,"[""FR9""]",,,,,,,,,,,
ministry_macro,baseline,ministry_supplied_original_2025_expected,statutory_2_4_1_5_-7_55,Yaşayış minimumu,AZN,annual,2017,163.4,source_input,8 vərəq.xlsx,2.4.1.5.-7.,H55,preserved_original_source_literal;historical_source,source_historical,original_literal,statutory_template,ministry_supplied_original_2025_expected,,"[""FR9""]",,,,,,,,,,,
ministry_macro,baseline,ministry_supplied_original_2025_expected,statutory_2_4_1_5_-7_55,Yaşayış minimumu,AZN,annual,2018,175.2,source_input,8 vərəq.xlsx,2.4.1.5.-7.,I55,preserved_original_source_literal;historical_source,source_historical,original_literal,statutory_template,ministry_supplied_original_2025_expected,,"[""FR9""]",,,,,,,,,,,
ministry_macro,baseline,ministry_supplied_original_2025_expected,statutory_2_4_1_5_-7_55,Yaşayış minimumu,AZN,annual,2019,185.5,source_input,8 vərəq.xlsx,2.4.1.5.-7.,J55,preserved_original_source_literal;historical_source,source_historical,original_literal,statutory_template,ministry_supplied_original_2025_expected,,"[""FR9""]",,,,,,,,,,,
ministry_macro,baseline,ministry_supplied_original_2025_expected,statutory_2_4_1_5_-7_55,Yaşayış minimumu,AZN,annual,2020,195.0,source_input,8 vərəq.xlsx,2.4.1.5.-7.,K55,preserved_original_source_literal;historical_source,source_historical,original_literal,statutory_template,ministry_supplied_original_2025_expected,,"[""FR9""]",,,,,,,,,,,
ministry_macro,baseline,ministry_supplied_original_2025_expected,statutory_2_4_1_5_-7_55,Yaşayış minimumu,AZN,annual,2021,205.0,source_input,8 vərəq.xlsx,2.4.1.5.-7.,L55,preserved_original_source_literal;historical_source,source_historical,original_literal,statutory_template,ministry_supplied_original_2025_expected,,"[""FR9""]",,,,,,,,,,,
ministry_macro,baseline,ministry_supplied_original_2025_expected,statutory_2_4_1_5_-7_55,Yaşayış minimumu,AZN,annual,2022,230.0,source_input,8 vərəq.xlsx,2.4.1.5.-7.,M55,preserved_original_source_literal;historical_source,source_historical,original_literal,statutory_template,ministry_supplied_original_2025_expected,,"[""FR9""]",,,,,,,,,,,
ministry_macro,baseline,ministry_supplied_original_2025_expected,statutory_2_4_1_5_-7_55,Yaşayış minimumu,AZN,annual,2023,246.0,source_input,8 vərəq.xlsx,2.4.1.5.-7.,N55,preserved_original_source_literal;historical_source,source_historical,original_literal,statutory_template,ministry_supplied_original_2025_expected,,"[""FR9""]",,,,,,,,,,,
ministry_macro,baseline,ministry_supplied_original_2025_expected,statutory_2_4_1_5_-7_56,Əmək qabiliyyətli əhali üçün,AZN,annual,2016,157.6,source_input,8 vərəq.xlsx,2.4.1.5.-7.,G56,preserved_original_source_literal;historical_source,source_historical,original_literal,statutory_template,ministry_supplied_original_2025_expected,,"[""FR9""]",,,,,,,,,,,
ministry_macro,baseline,ministry_supplied_original_2025_expected,statutory_2_4_1_5_-7_56,Əmək qabiliyyətli əhali üçün,AZN,annual,2017,173.74197771922056,source_input,8 vərəq.xlsx,2.4.1.5.-7.,H56,preserved_original_source_literal;historical_source,source_historical,original_literal,statutory_template,ministry_supplied_original_2025_expected,,"[""FR9""]",,,,,,,,,,,
ministry_macro,baseline,ministry_supplied_original_2025_expected,statutory_2_4_1_5_-7_56,Əmək qabiliyyətli əhali üçün,AZN,annual,2018,185.3,source_input,8 vərəq.xlsx,2.4.1.5.-7.,I56,preserved_original_source_literal;historical_source,source_historical,original_literal,statutory_template,ministry_supplied_original_2025_expected,,"[""FR9""]",,,,,,,,,,,
ministry_macro,baseline,ministry_supplied_original_2025_expected,statutory_2_4_1_5_-7_56,Əmək qabiliyyətli əhali üçün,AZN,annual,2019,197.0,source_input,8 vərəq.xlsx,2.4.1.5.-7.,J56,preserved_original_source_literal;historical_source,source_historical,original_literal,statutory_template,ministry_supplied_original_2025_expected,,"[""FR9""]",,,,,,,,,,,
ministry_macro,baseline,ministry_supplied_original_2025_expected,statutory_2_4_1_5_-7_56,Əmək qabiliyyətli əhali üçün,AZN,annual,2020,197.0,source_input,8 vərəq.xlsx,2.4.1.5.-7.,K56,preserved_original_source_literal;historical_source,source_historical,original_literal,statutory_template,ministry_supplied_original_2025_expected,,"[""FR9""]",,,,,,,,,,,
ministry_macro,baseline,ministry_supplied_original_2025_expected,statutory_2_4_1_5_-7_56,Əmək qabiliyyətli əhali üçün,AZN,annual,2021,216.9,source_input,8 vərəq.xlsx,2.4.1.5.-7.,L56,preserved_original_source_literal;historical_source,source_historical,original_literal,statutory_template,ministry_supplied_original_2025_expected,,"[""FR9""]",,,,,,,,,,,
ministry_macro,baseline,ministry_supplied_original_2025_expected,statutory_2_4_1_5_-7_56,Əmək qabiliyyətli əhali üçün,AZN,annual,2022,244.0,source_input,8 vərəq.xlsx,2.4.1.5.-7.,M56,preserved_original_source_literal;historical_source,source_historical,original_literal,statutory_template,ministry_supplied_original_2025_expected,,"[""FR9""]",,,,,,,,,,,
ministry_macro,baseline,ministry_supplied_original_2025_expected,statutory_2_4_1_5_-7_56,Əmək qabiliyyətli əhali üçün,AZN,annual,2023,260.8,source_input,8 vərəq.xlsx,2.4.1.5.-7.,N56,preserved_original_source_literal;historical_source,source_historical,original_literal,statutory_template,ministry_supplied_original_2025_expected,,"[""FR9""]",,,,,,,,,,,
ministry_macro,baseline,ministry_supplied_original_2025_expected,statutory_2_4_1_5_-7_57,Pensiyaçılar üçün,AZN,annual,2016,123.0,source_input,8 vərəq.xlsx,2.4.1.5.-7.,G57,preserved_original_source_literal;historical_source,source_historical,original_literal,statutory_template,ministry_supplied_original_2025_expected,,"[""FR9""]",,,,,,,,,,,
ministry_macro,baseline,ministry_supplied_original_2025_expected,statutory_2_4_1_5_-7_57,Pensiyaçılar üçün,AZN,annual,2017,135.61922885278543,source_input,8 vərəq.xlsx,2.4.1.5.-7.,H57,preserved_original_source_literal;historical_source,source_historical,original_literal,statutory_template,ministry_supplied_original_2025_expected,,"[""FR9""]",,,,,,,,,,,
ministry_macro,baseline,ministry_supplied_original_2025_expected,statutory_2_4_1_5_-7_57,Pensiyaçılar üçün,AZN,annual,2018,145.1,source_input,8 vərəq.xlsx,2.4.1.5.-7.,I57,preserved_original_source_literal;historical_source,source_historical,original_literal,statutory_template,ministry_supplied_original_2025_expected,,"[""FR9""]",,,,,,,,,,,
ministry_macro,baseline,ministry_supplied_original_2025_expected,statutory_2_4_1_5_-7_57,Pensiyaçılar üçün,AZN,annual,2019,151.7,source_input,8 vərəq.xlsx,2.4.1.5.-7.,J57,preserved_original_source_literal;historical_source,source_historical,original_literal,statutory_template,ministry_supplied_original_2025_expected,,"[""FR9""]",,,,,,,,,,,
ministry_macro,baseline,ministry_supplied_original_2025_expected,statutory_2_4_1_5_-7_57,Pensiyaçılar üçün,AZN,annual,2020,158.0,source_input,8 vərəq.xlsx,2.4.1.5.-7.,K57,preserved_original_source_literal;historical_source,source_historical,original_literal,statutory_template,ministry_supplied_original_2025_expected,,"[""FR9""]",,,,,,,,,,,
ministry_macro,baseline,ministry_supplied_original_2025_expected,statutory_2_4_1_5_-7_57,Pensiyaçılar üçün,AZN,annual,2021,165.7,source_input,8 vərəq.xlsx,2.4.1.5.-7.,L57,preserved_original_source_literal;historical_source,source_historical,original_literal,statutory_template,ministry_supplied_original_2025_expected,,"[""FR9""]",,,,,,,,,,,
ministry_macro,baseline,ministry_supplied_original_2025_expected,statutory_2_4_1_5_-7_57,Pensiyaçılar üçün,AZN,annual,2022,186.4,source_input,8 vərəq.xlsx,2.4.1.5.-7.,M57,preserved_original_source_literal;historical_source,source_historical,original_literal,statutory_template,ministry_supplied_original_2025_expected,,"[""FR9""]",,,,,,,,,,,
ministry_macro,baseline,ministry_supplied_original_2025_expected,statutory_2_4_1_5_-7_57,Pensiyaçılar üçün,AZN,annual,2023,199.3,source_input,8 vərəq.xlsx,2.4.1.5.-7.,N57,preserved_original_source_literal;historical_source,source_historical,original_literal,statutory_template,ministry_supplied_original_2025_expected,,"[""FR9""]",,,,,,,,,,,
ministry_macro,baseline,ministry_supplied_original_2025_expected,statutory_2_4_1_5_-7_58,Uşaqlar üçün,AZN,annual,2016,131.2,source_input,8 vərəq.xlsx,2.4.1.5.-7.,G58,preserved_original_source_literal;historical_source,source_historical,original_literal,statutory_template,ministry_supplied_original_2025_expected,,"[""FR9""]",,,,,,,,,,,
ministry_macro,baseline,ministry_supplied_original_2025_expected,statutory_2_4_1_5_-7_58,Uşaqlar üçün,AZN,annual,2017,144.6782274534923,source_input,8 vərəq.xlsx,2.4.1.5.-7.,H58,preserved_original_source_literal;historical_source,source_historical,original_literal,statutory_template,ministry_supplied_original_2025_expected,,"[""FR9""]",,,,,,,,,,,
ministry_macro,baseline,ministry_supplied_original_2025_expected,statutory_2_4_1_5_-7_58,Uşaqlar üçün,AZN,annual,2018,156.3,source_input,8 vərəq.xlsx,2.4.1.5.-7.,I58,preserved_original_source_literal;historical_source,source_historical,original_literal,statutory_template,ministry_supplied_original_2025_expected,,"[""FR9""]",,,,,,,,,,,
ministry_macro,baseline,ministry_supplied_original_2025_expected,statutory_2_4_1_5_-7_58,Uşaqlar üçün,AZN,annual,2019,163.6,source_input,8 vərəq.xlsx,2.4.1.5.-7.,J58,preserved_original_source_literal;historical_source,source_historical,original_literal,statutory_template,ministry_supplied_original_2025_expected,,"[""FR9""]",,,,,,,,,,,
ministry_macro,baseline,ministry_supplied_original_2025_expected,statutory_2_4_1_5_-7_58,Uşaqlar üçün,AZN,annual,2020,173.0,source_input,8 vərəq.xlsx,2.4.1.5.-7.,K58,preserved_original_source_literal;historical_source,source_historical,original_literal,statutory_template,ministry_supplied_original_2025_expected,,"[""FR9""]",,,,,,,,,,,
ministry_macro,baseline,ministry_supplied_original_2025_expected,statutory_2_4_1_5_-7_58,Uşaqlar üçün,AZN,annual,2021,182.9,source_input,8 vərəq.xlsx,2.4.1.5.-7.,L58,preserved_original_source_literal;historical_source,source_historical,original_literal,statutory_template,ministry_supplied_original_2025_expected,,"[""FR9""]",,,,,,,,,,,
ministry_macro,baseline,ministry_supplied_original_2025_expected,statutory_2_4_1_5_-7_58,Uşaqlar üçün,AZN,annual,2022,205.8,source_input,8 vərəq.xlsx,2.4.1.5.-7.,M58,preserved_original_source_literal;historical_source,source_historical,original_literal,statutory_template,ministry_supplied_original_2025_expected,,"[""FR9""]",,,,,,,,,,,
ministry_macro,baseline,ministry_supplied_original_2025_expected,statutory_2_4_1_5_-7_58,Uşaqlar üçün,AZN,annual,2023,220.0,source_input,8 vərəq.xlsx,2.4.1.5.-7.,N58,preserved_original_source_literal;historical_source,source_historical,original_literal,statutory_template,ministry_supplied_original_2025_expected,,"[""FR9""]",,,,,,,,,,,
ministry_macro,baseline,ministry_supplied_original_2025_expected,cpi_infl,Original annual-average inflation,%,annual,2024,2.2,source_input,MOE INF.xlsx,11_12,AI6,preserved_original_source_literal;historical_source,source_historical,original_literal,canonical_source_control,ministry_supplied_original_2025_expected,,"[""FR9""]",,,,,,,,,,,
ministry_macro,baseline,ministry_supplied_original_2025_expected,cpi_infl,Original annual-average inflation,%,annual,2025,1.7422720542668912,run_calculated,MOE INF.xlsx,11_12,AJ6,portable_original_workbook_formula;expected,original_formula_expected,formula_calculated,canonical_source_control,ministry_supplied_original_2025_expected,,"[""FR9""]",,,,,,,,,,,
ministry_macro,baseline,ministry_supplied_original_2025_expected,cpi_infl,Original annual-average inflation,%,annual,2026,2.717971942270765,run_calculated,MOE INF.xlsx,11_12,AK6,portable_original_workbook_formula;forecast,original_formula_forecast,formula_calculated,canonical_source_control,ministry_supplied_original_2025_expected,,"[""FR9""]",,,,,,,,,,,
ministry_macro,baseline,ministry_supplied_original_2025_expected,cpi_infl,Original annual-average inflation,%,annual,2027,5.065307508536904,run_calculated,MOE INF.xlsx,11_12,AL6,portable_original_workbook_formula;forecast,original_formula_forecast,formula_calculated,canonical_source_control,ministry_supplied_original_2025_expected,,"[""FR9""]",,,,,,,,,,,
ministry_macro,baseline,ministry_supplied_original_2025_expected,cpi_infl,Original annual-average inflation,%,annual,2028,6.702094542082264,run_calculated,MOE INF.xlsx,11_12,AM6,portable_original_workbook_formula;forecast,original_formula_forecast,formula_calculated,canonical_source_control,ministry_supplied_original_2025_expected,,"[""FR9""]",,,,,,,,,,,
ministry_macro,baseline,ministry_supplied_original_2025_expected,cpi_infl,Original annual-average inflation,%,annual,2029,7.066204461295754,run_calculated,MOE INF.xlsx,11_12,AN6,portable_original_workbook_formula;forecast,original_formula_forecast,formula_calculated,canonical_source_control,ministry_supplied_original_2025_expected,,"[""FR9""]",,,,,,,,,,,
ministry_macro,baseline,ministry_supplied_original_2025_expected,cpi_infl,Original annual-average inflation,%,annual,2030,7.203564825665893,run_calculated,MOE INF.xlsx,11_12,AO6,portable_original_workbook_formula;forecast,original_formula_forecast,formula_calculated,canonical_source_control,ministry_supplied_original_2025_expected,,"[""FR9""]",,,,,,,,,,,
ministry_caem,baseline,original_CAEM_2024_actual_2025_forecast,cpi_avg,CPI inflation (period average),percent,annual,2013,,unavailable_source_non_numeric,CAEM.xlsb / native formula export,6a. SEI,B19,original_CAEM_formula_graph_and_HPP_HPF; corrected_per_year_two_residual_solver,legacy_historical_input,original_literal,,,,"[""FR9""]",FR09,CPI Inflation,direct_original_output_atom,annual-average consumer-price inflation,false,ministry_caem:source:6a. SEI:row19,Exact original row now exported by the actual CAEM engine; source unit/header caveats preserved.,,,,
ministry_caem,baseline,original_CAEM_2024_actual_2025_forecast,cpi_avg,CPI inflation (period average),percent,annual,2014,1.4000000000000057,run_calculated,CAEM.xlsb / native formula export,6a. SEI,C19,original_CAEM_formula_graph_and_HPP_HPF; corrected_per_year_two_residual_solver,legacy_historical_input,formula_calculated,,,,"[""FR9""]",FR09,,direct_original_output_atom,annual-average consumer-price inflation,false,ministry_caem:source:6a. SEI:row19,Exact original row now exported by the actual CAEM engine; source unit/header caveats preserved.,,,,
ministry_caem,baseline,original_CAEM_2024_actual_2025_forecast,cpi_avg,CPI inflation (period average),percent,annual,2015,4.0,run_calculated,CAEM.xlsb / native formula export,6a. SEI,D19,original_CAEM_formula_graph_and_HPP_HPF; corrected_per_year_two_residual_solver,legacy_historical_input,formula_calculated,,,,"[""FR9""]",FR09,,direct_original_output_atom,annual-average consumer-price inflation,false,ministry_caem:source:6a. SEI:row19,Exact original row now exported by the actual CAEM engine; source unit/header caveats preserved.,,,,
ministry_caem,baseline,original_CAEM_2024_actual_2025_forecast,cpi_avg,CPI inflation (period average),percent,annual,2016,12.400000000000006,run_calculated,CAEM.xlsb / native formula export,6a. SEI,E19,original_CAEM_formula_graph_and_HPP_HPF; corrected_per_year_two_residual_solver,legacy_historical_input,formula_calculated,,,,"[""FR9""]",FR09,,direct_original_output_atom,annual-average consumer-price inflation,false,ministry_caem:source:6a. SEI:row19,Exact original row now exported by the actual CAEM engine; source unit/header caveats preserved.,,,,
ministry_caem,baseline,original_CAEM_2024_actual_2025_forecast,cpi_avg,CPI inflation (period average),percent,annual,2017,12.900000000000006,run_calculated,CAEM.xlsb / native formula export,6a. SEI,F19,original_CAEM_formula_graph_and_HPP_HPF; corrected_per_year_two_residual_solver,legacy_historical_input,formula_calculated,,,,"[""FR9""]",FR09,,direct_original_output_atom,annual-average consumer-price inflation,false,ministry_caem:source:6a. SEI:row19,Exact original row now exported by the actual CAEM engine; source unit/header caveats preserved.,,,,
ministry_caem,baseline,original_CAEM_2024_actual_2025_forecast,cpi_avg,CPI inflation (period average),percent,annual,2018,2.299999999999997,run_calculated,CAEM.xlsb / native formula export,6a. SEI,G19,original_CAEM_formula_graph_and_HPP_HPF; corrected_per_year_two_residual_solver,legacy_historical_input,formula_calculated,,,,"[""FR9""]",FR09,,direct_original_output_atom,annual-average consumer-price inflation,false,ministry_caem:source:6a. SEI:row19,Exact original row now exported by the actual CAEM engine; source unit/header caveats preserved.,,,,
ministry_caem,baseline,original_CAEM_2024_actual_2025_forecast,cpi_avg,CPI inflation (period average),percent,annual,2019,2.6000000000000085,run_calculated,CAEM.xlsb / native formula export,6a. SEI,H19,original_CAEM_formula_graph_and_HPP_HPF; corrected_per_year_two_residual_solver,legacy_historical_input,formula_calculated,,,,"[""FR9""]",FR09,,direct_original_output_atom,annual-average consumer-price inflation,false,ministry_caem:source:6a. SEI:row19,Exact original row now exported by the actual CAEM engine; source unit/header caveats preserved.,,,,
ministry_caem,baseline,original_CAEM_2024_actual_2025_forecast,cpi_avg,CPI inflation (period average),percent,annual,2020,2.799999999999997,run_calculated,CAEM.xlsb / native formula export,6a. SEI,I19,original_CAEM_formula_graph_and_HPP_HPF; corrected_per_year_two_residual_solver,legacy_historical_input,formula_calculated,,,,"[""FR9""]",FR09,,direct_original_output_atom,annual-average consumer-price inflation,false,ministry_caem:source:6a. SEI:row19,Exact original row now exported by the actual CAEM engine; source unit/header caveats preserved.,,,,
ministry_caem,baseline,original_CAEM_2024_actual_2025_forecast,cpi_avg,CPI inflation (period average),percent,annual,2021,6.699999999999989,run_calculated,CAEM.xlsb / native formula export,6a. SEI,J19,original_CAEM_formula_graph_and_HPP_HPF; corrected_per_year_two_residual_solver,legacy_historical_input,formula_calculated,,,,"[""FR9""]",FR09,,direct_original_output_atom,annual-average consumer-price inflation,false,ministry_caem:source:6a. SEI:row19,Exact original row now exported by the actual CAEM engine; source unit/header caveats preserved.,,,,
ministry_caem,baseline,original_CAEM_2024_actual_2025_forecast,cpi_avg,CPI inflation (period average),percent,annual,2022,13.900000000000006,run_calculated,CAEM.xlsb / native formula export,6a. SEI,K19,original_CAEM_formula_graph_and_HPP_HPF; corrected_per_year_two_residual_solver,legacy_historical_input,formula_calculated,,,,"[""FR9""]",FR09,,direct_original_output_atom,annual-average consumer-price inflation,false,ministry_caem:source:6a. SEI:row19,Exact original row now exported by the actual CAEM engine; source unit/header caveats preserved.,,,,
ministry_caem,baseline,original_CAEM_2024_actual_2025_forecast,cpi_avg,CPI inflation (period average),percent,annual,2023,8.800000000000068,run_calculated,CAEM.xlsb / native formula export,6a. SEI,L19,original_CAEM_formula_graph_and_HPP_HPF; corrected_per_year_two_residual_solver,legacy_historical_input,formula_calculated,,,,"[""FR9""]",FR09,,direct_original_output_atom,annual-average consumer-price inflation,false,ministry_caem:source:6a. SEI:row19,Exact original row now exported by the actual CAEM engine; source unit/header caveats preserved.,,,,
ministry_caem,baseline,original_CAEM_2024_actual_2025_forecast,cpi_avg,CPI inflation (period average),percent,annual,2024,2.1999999999999744,run_calculated,CAEM.xlsb / native formula export,6a. SEI,M19,original_CAEM_formula_graph_and_HPP_HPF; corrected_per_year_two_residual_solver,legacy_historical_input,formula_calculated,,,,"[""FR9""]",FR09,,direct_original_output_atom,annual-average consumer-price inflation,false,ministry_caem:source:6a. SEI:row19,Exact original row now exported by the actual CAEM engine; source unit/header caveats preserved.,,,,
ministry_caem,baseline,original_CAEM_2024_actual_2025_forecast,cpi_avg,CPI inflation (period average),percent,annual,2025,5.052987635856589,run_calculated,CAEM.xlsb / native formula export,6a. SEI,N19,original_CAEM_formula_graph_and_HPP_HPF; corrected_per_year_two_residual_solver,original_forecast,formula_calculated,,,,"[""FR9""]",FR09,,direct_original_output_atom,annual-average consumer-price inflation,false,ministry_caem:source:6a. SEI:row19,Exact original row now exported by the actual CAEM engine; source unit/header caveats preserved.,,,,
ministry_caem,baseline,original_CAEM_2024_actual_2025_forecast,cpi_avg,CPI inflation (period average),percent,annual,2026,4.790071782333937,run_calculated,CAEM.xlsb / native formula export,6a. SEI,O19,original_CAEM_formula_graph_and_HPP_HPF; corrected_per_year_two_residual_solver,original_forecast,formula_calculated,,,,"[""FR9""]",FR09,,direct_original_output_atom,annual-average consumer-price inflation,false,ministry_caem:source:6a. SEI:row19,Exact original row now exported by the actual CAEM engine; source unit/header caveats preserved.,,,,
ministry_caem,baseline,original_CAEM_2024_actual_2025_forecast,cpi_avg,CPI inflation (period average),percent,annual,2027,4.324640847505047,run_calculated,CAEM.xlsb / native formula export,6a. SEI,P19,original_CAEM_formula_graph_and_HPP_HPF; corrected_per_year_two_residual_solver,original_forecast,formula_calculated,,,,"[""FR9""]",FR09,,direct_original_output_atom,annual-average consumer-price inflation,false,ministry_caem:source:6a. SEI:row19,Exact original row now exported by the actual CAEM engine; source unit/header caveats preserved.,,,,
ministry_caem,baseline,original_CAEM_2024_actual_2025_forecast,cpi_avg,CPI inflation (period average),percent,annual,2028,4.150693922199641,run_calculated,CAEM.xlsb / native formula export,6a. SEI,Q19,original_CAEM_formula_graph_and_HPP_HPF; corrected_per_year_two_residual_solver,original_forecast,formula_calculated,,,,"[""FR9""]",FR09,,direct_original_output_atom,annual-average consumer-price inflation,false,ministry_caem:source:6a. SEI:row19,Exact original row now exported by the actual CAEM engine; source unit/header caveats preserved.,,,,
ministry_caem,baseline,original_CAEM_2024_actual_2025_forecast,cpi_avg,CPI inflation (period average),percent,annual,2029,4.012264566018812,run_calculated,CAEM.xlsb / native formula export,6a. SEI,R19,original_CAEM_formula_graph_and_HPP_HPF; corrected_per_year_two_residual_solver,original_forecast,formula_calculated,,,,"[""FR9""]",FR09,,direct_original_output_atom,annual-average consumer-price inflation,false,ministry_caem:source:6a. SEI:row19,Exact original row now exported by the actual CAEM engine; source unit/header caveats preserved.,,,,
oxlon.corrected.20260917,baseline,oxlon-run-20260917T131252Z,cpi_index,"CPI, base index",indeks,annual,1993,0.004011,derived_model_history,models/oxlon/notebooks/FR09.ipynb,FR09 output,cell 59,OXLON pipeline; source=ours; kind=actual; no raw locator available,derived_model_history,,,,,"[""FR9""]",,,,,,,,,,,no raw locator available
oxlon.corrected.20260917,baseline,oxlon-run-20260917T131252Z,cpi_index,"CPI, base index",indeks,annual,1994,0.070678,derived_model_history,models/oxlon/notebooks/FR09.ipynb,FR09 output,cell 59,OXLON pipeline; source=ours; kind=actual; no raw locator available,derived_model_history,,,,,"[""FR9""]",,,,,,,,,,,no raw locator available
oxlon.corrected.20260917,baseline,oxlon-run-20260917T131252Z,cpi_index,"CPI, base index",indeks,annual,1995,0.361731,observed_source,models/oxlon/notebooks/FR09.ipynb,FR09 output,cell 59,OXLON pipeline; source=ours; kind=actual; data_layer CSV observation,observed_source,,,,,"[""FR9""]",,,,,,,,models/oxlon/data/model_series_annual.csv,,column=cpi_index;year=1995,data_layer CSV observation
oxlon.corrected.20260917,baseline,oxlon-run-20260917T131252Z,cpi_index,"CPI, base index",indeks,annual,1996,0.433715,observed_source,models/oxlon/notebooks/FR09.ipynb,FR09 output,cell 59,OXLON pipeline; source=ours; kind=actual; data_layer CSV observation,observed_source,,,,,"[""FR9""]",,,,,,,,models/oxlon/data/model_series_annual.csv,,column=cpi_index;year=1996,data_layer CSV observation
oxlon.corrected.20260917,baseline,oxlon-run-20260917T131252Z,cpi_index,"CPI, base index",indeks,annual,1997,0.449763,observed_source,models/oxlon/notebooks/FR09.ipynb,FR09 output,cell 59,OXLON pipeline; source=ours; kind=actual; data_layer CSV observation,observed_source,,,,,"[""FR9""]",,,,,,,,models/oxlon/data/model_series_annual.csv,,column=cpi_index;year=1997,data_layer CSV observation
oxlon.corrected.20260917,baseline,oxlon-run-20260917T131252Z,cpi_index,"CPI, base index",indeks,annual,1998,0.446164,observed_source,models/oxlon/notebooks/FR09.ipynb,FR09 output,cell 59,OXLON pipeline; source=ours; kind=actual; data_layer CSV observation,observed_source,,,,,"[""FR9""]",,,,,,,,models/oxlon/data/model_series_annual.csv,,column=cpi_index;year=1998,data_layer CSV observation
oxlon.corrected.20260917,baseline,oxlon-run-20260917T131252Z,cpi_index,"CPI, base index",indeks,annual,1999,0.40824,observed_source,models/oxlon/notebooks/FR09.ipynb,FR09 output,cell 59,OXLON pipeline; source=ours; kind=actual; data_layer CSV observation,observed_source,,,,,"[""FR9""]",,,,,,,,models/oxlon/data/model_series_annual.csv,,column=cpi_index;year=1999,data_layer CSV observation
oxlon.corrected.20260917,baseline,oxlon-run-20260917T131252Z,cpi_index,"CPI, base index",indeks,annual,2000,0.415589,observed_source,models/oxlon/notebooks/FR09.ipynb,FR09 output,cell 59,OXLON pipeline; source=ours; kind=actual; data_layer CSV observation,observed_source,,,,,"[""FR9""]",,,,,,,,models/oxlon/data/model_series_annual.csv,,column=cpi_index;year=2000,data_layer CSV observation
oxlon.corrected.20260917,baseline,oxlon-run-20260917T131252Z,cpi_index,"CPI, base index",indeks,annual,2001,0.421823,observed_source,models/oxlon/notebooks/FR09.ipynb,FR09 output,cell 59,OXLON pipeline; source=ours; kind=actual; data_layer CSV observation,observed_source,,,,,"[""FR9""]",,,,,,,,models/oxlon/data/model_series_annual.csv,,column=cpi_index;year=2001,data_layer CSV observation
oxlon.corrected.20260917,baseline,oxlon-run-20260917T131252Z,cpi_index,"CPI, base index",indeks,annual,2002,0.433634,observed_source,models/oxlon/notebooks/FR09.ipynb,FR09 output,cell 59,OXLON pipeline; source=ours; kind=actual; data_layer CSV observation,observed_source,,,,,"[""FR9""]",,,,,,,,models/oxlon/data/model_series_annual.csv,,column=cpi_index;year=2002,data_layer CSV observation
oxlon.corrected.20260917,baseline,oxlon-run-20260917T131252Z,cpi_index,"CPI, base index",indeks,annual,2003,0.443174,observed_source,models/oxlon/notebooks/FR09.ipynb,FR09 output,cell 59,OXLON pipeline; source=ours; kind=actual; data_layer CSV observation,observed_source,,,,,"[""FR9""]",,,,,,,,models/oxlon/data/model_series_annual.csv,,column=cpi_index;year=2003,data_layer CSV observation
oxlon.corrected.20260917,baseline,oxlon-run-20260917T131252Z,cpi_index,"CPI, base index",indeks,annual,2004,0.472866,observed_source,models/oxlon/notebooks/FR09.ipynb,FR09 output,cell 59,OXLON pipeline; source=ours; kind=actual; data_layer CSV observation,observed_source,,,,,"[""FR9""]",,,,,,,,models/oxlon/data/model_series_annual.csv,,column=cpi_index;year=2004,data_layer CSV observation
oxlon.corrected.20260917,baseline,oxlon-run-20260917T131252Z,cpi_index,"CPI, base index",indeks,annual,2005,0.518261,observed_source,models/oxlon/notebooks/FR09.ipynb,FR09 output,cell 59,OXLON pipeline; source=ours; kind=actual; data_layer CSV observation,observed_source,,,,,"[""FR9""]",,,,,,,,models/oxlon/data/model_series_annual.csv,,column=cpi_index;year=2005,data_layer CSV observation
oxlon.corrected.20260917,baseline,oxlon-run-20260917T131252Z,cpi_index,"CPI, base index",indeks,annual,2006,0.561277,observed_source,models/oxlon/notebooks/FR09.ipynb,FR09 output,cell 59,OXLON pipeline; source=ours; kind=actual; data_layer CSV observation,observed_source,,,,,"[""FR9""]",,,,,,,,models/oxlon/data/model_series_annual.csv,,column=cpi_index;year=2006,data_layer CSV observation
oxlon.corrected.20260917,baseline,oxlon-run-20260917T131252Z,cpi_index,"CPI, base index",indeks,annual,2007,0.65501,observed_source,models/oxlon/notebooks/FR09.ipynb,FR09 output,cell 59,OXLON pipeline; source=ours; kind=actual; data_layer CSV observation,observed_source,,,,,"[""FR9""]",,,,,,,,models/oxlon/data/model_series_annual.csv,,column=cpi_index;year=2007,data_layer CSV observation
oxlon.corrected.20260917,baseline,oxlon-run-20260917T131252Z,cpi_index,"CPI, base index",indeks,annual,2008,0.791253,observed_source,models/oxlon/notebooks/FR09.ipynb,FR09 output,cell 59,OXLON pipeline; source=ours; kind=actual; data_layer CSV observation,observed_source,,,,,"[""FR9""]",,,,,,,,models/oxlon/data/model_series_annual.csv,,column=cpi_index;year=2008,data_layer CSV observation
oxlon.corrected.20260917,baseline,oxlon-run-20260917T131252Z,cpi_index,"CPI, base index",indeks,annual,2009,0.803121,observed_source,models/oxlon/notebooks/FR09.ipynb,FR09 output,cell 59,OXLON pipeline; source=ours; kind=actual; data_layer CSV observation,observed_source,,,,,"[""FR9""]",,,,,,,,models/oxlon/data/model_series_annual.csv,,column=cpi_index;year=2009,data_layer CSV observation
oxlon.corrected.20260917,baseline,oxlon-run-20260917T131252Z,cpi_index,"CPI, base index",indeks,annual,2010,0.848899,observed_source,models/oxlon/notebooks/FR09.ipynb,FR09 output,cell 59,OXLON pipeline; source=ours; kind=actual; data_layer CSV observation,observed_source,,,,,"[""FR9""]",,,,,,,,models/oxlon/data/model_series_annual.csv,,column=cpi_index;year=2010,data_layer CSV observation
oxlon.corrected.20260917,baseline,oxlon-run-20260917T131252Z,cpi_index,"CPI, base index",indeks,annual,2011,0.915962,observed_source,models/oxlon/notebooks/FR09.ipynb,FR09 output,cell 59,OXLON pipeline; source=ours; kind=actual; data_layer CSV observation,observed_source,,,,,"[""FR9""]",,,,,,,,models/oxlon/data/model_series_annual.csv,,column=cpi_index;year=2011,data_layer CSV observation
oxlon.corrected.20260917,baseline,oxlon-run-20260917T131252Z,cpi_index,"CPI, base index",indeks,annual,2012,0.926038,observed_source,models/oxlon/notebooks/FR09.ipynb,FR09 output,cell 59,OXLON pipeline; source=ours; kind=actual; data_layer CSV observation,observed_source,,,,,"[""FR9""]",,,,,,,,models/oxlon/data/model_series_annual.csv,,column=cpi_index;year=2012,data_layer CSV observation
oxlon.corrected.20260917,baseline,oxlon-run-20260917T131252Z,cpi_index,"CPI, base index",indeks,annual,2013,0.948263,observed_source,models/oxlon/notebooks/FR09.ipynb,FR09 output,cell 59,OXLON pipeline; source=ours; kind=actual; data_layer CSV observation,observed_source,,,,,"[""FR9""]",,,,,,,,models/oxlon/data/model_series_annual.csv,,column=cpi_index;year=2013,data_layer CSV observation
oxlon.corrected.20260917,baseline,oxlon-run-20260917T131252Z,cpi_index,"CPI, base index",indeks,annual,2014,0.961538,observed_source,models/oxlon/notebooks/FR09.ipynb,FR09 output,cell 59,OXLON pipeline; source=ours; kind=actual; data_layer CSV observation,observed_source,,,,,"[""FR9""]",,,,,,,,models/oxlon/data/model_series_annual.csv,,column=cpi_index;year=2014,data_layer CSV observation
oxlon.corrected.20260917,baseline,oxlon-run-20260917T131252Z,cpi_index,"CPI, base index",indeks,annual,2015,1.0,observed_source,models/oxlon/notebooks/FR09.ipynb,FR09 output,cell 59,OXLON pipeline; source=ours; kind=actual; data_layer CSV observation,observed_source,,,,,"[""FR9""]",,,,,,,,models/oxlon/data/model_series_annual.csv,,column=cpi_index;year=2015,data_layer CSV observation
oxlon.corrected.20260917,baseline,oxlon-run-20260917T131252Z,cpi_index,"CPI, base index",indeks,annual,2016,1.124,observed_source,models/oxlon/notebooks/FR09.ipynb,FR09 output,cell 59,OXLON pipeline; source=ours; kind=actual; data_layer CSV observation,observed_source,,,,,"[""FR9""]",,,,,,,,models/oxlon/data/model_series_annual.csv,,column=cpi_index;year=2016,data_layer CSV observation
oxlon.corrected.20260917,baseline,oxlon-run-20260917T131252Z,cpi_index,"CPI, base index",indeks,annual,2017,1.268996,observed_source,models/oxlon/notebooks/FR09.ipynb,FR09 output,cell 59,OXLON pipeline; source=ours; kind=actual; data_layer CSV observation,observed_source,,,,,"[""FR9""]",,,,,,,,models/oxlon/data/model_series_annual.csv,,column=cpi_index;year=2017,data_layer CSV observation
oxlon.corrected.20260917,baseline,oxlon-run-20260917T131252Z,cpi_index,"CPI, base index",indeks,annual,2018,1.298183,observed_source,models/oxlon/notebooks/FR09.ipynb,FR09 output,cell 59,OXLON pipeline; source=ours; kind=actual; data_layer CSV observation,observed_source,,,,,"[""FR9""]",,,,,,,,models/oxlon/data/model_series_annual.csv,,column=cpi_index;year=2018,data_layer CSV observation
oxlon.corrected.20260917,baseline,oxlon-run-20260917T131252Z,cpi_index,"CPI, base index",indeks,annual,2019,1.331936,observed_source,models/oxlon/notebooks/FR09.ipynb,FR09 output,cell 59,OXLON pipeline; source=ours; kind=actual; data_layer CSV observation,observed_source,,,,,"[""FR9""]",,,,,,,,models/oxlon/data/model_series_annual.csv,,column=cpi_index;year=2019,data_layer CSV observation
oxlon.corrected.20260917,baseline,oxlon-run-20260917T131252Z,cpi_index,"CPI, base index",indeks,annual,2020,1.368697,observed_source,models/oxlon/notebooks/FR09.ipynb,FR09 output,cell 59,OXLON pipeline; source=ours; kind=actual; data_layer CSV observation,observed_source,,,,,"[""FR9""]",,,,,,,,models/oxlon/data/model_series_annual.csv,,column=cpi_index;year=2020,data_layer CSV observation
oxlon.corrected.20260917,baseline,oxlon-run-20260917T131252Z,cpi_index,"CPI, base index",indeks,annual,2021,1.4604,observed_source,models/oxlon/notebooks/FR09.ipynb,FR09 output,cell 59,OXLON pipeline; source=ours; kind=actual; data_layer CSV observation,observed_source,,,,,"[""FR9""]",,,,,,,,models/oxlon/data/model_series_annual.csv,,column=cpi_index;year=2021,data_layer CSV observation
oxlon.corrected.20260917,baseline,oxlon-run-20260917T131252Z,cpi_index,"CPI, base index",indeks,annual,2022,1.663395,observed_source,models/oxlon/notebooks/FR09.ipynb,FR09 output,cell 59,OXLON pipeline; source=ours; kind=actual; data_layer CSV observation,observed_source,,,,,"[""FR9""]",,,,,,,,models/oxlon/data/model_series_annual.csv,,column=cpi_index;year=2022,data_layer CSV observation
oxlon.corrected.20260917,baseline,oxlon-run-20260917T131252Z,cpi_index,"CPI, base index",indeks,annual,2023,1.809774,observed_source,models/oxlon/notebooks/FR09.ipynb,FR09 output,cell 59,OXLON pipeline; source=ours; kind=actual; data_layer CSV observation,observed_source,,,,,"[""FR9""]",,,,,,,,models/oxlon/data/model_series_annual.csv,,column=cpi_index;year=2023,data_layer CSV observation
oxlon.corrected.20260917,baseline,oxlon-run-20260917T131252Z,cpi_index,"CPI, base index",indeks,annual,2024,1.849589,observed_source,models/oxlon/notebooks/FR09.ipynb,FR09 output,cell 59,OXLON pipeline; source=ours; kind=actual; data_layer CSV observation,observed_source,,,,,"[""FR9""]",,,,,,,,models/oxlon/data/model_series_annual.csv,,column=cpi_index;year=2024,data_layer CSV observation
oxlon.corrected.20260917,baseline,oxlon-run-20260917T131252Z,cpi_index,"CPI, base index",indeks,annual,2025,1.953166,observed_source,models/oxlon/notebooks/FR09.ipynb,FR09 output,cell 59,OXLON pipeline; source=ours; kind=actual; data_layer CSV observation,observed_source,,,,,"[""FR9""]",,,,,,,,models/oxlon/data/model_series_annual.csv,,column=cpi_index;year=2025,data_layer CSV observation
oxlon.corrected.20260917,baseline,oxlon-run-20260917T131252Z,cpi_index,"CPI, base index",indeks,annual,2026,2.056667,model_forecast,models/oxlon/notebooks/FR09.ipynb,FR09 output,cell 59,OXLON pipeline; source=ours; kind=forecast; model estimate from notebook equations and governed assumptions; no single raw cell,model_forecast,,,,,"[""FR9""]",,,,,,,,,,,model estimate from notebook equations and governed assumptions; no single raw cell
oxlon.corrected.20260917,baseline,oxlon-run-20260917T131252Z,cpi_index,"CPI, base index",indeks,annual,2027,2.174752,model_forecast,models/oxlon/notebooks/FR09.ipynb,FR09 output,cell 59,OXLON pipeline; source=ours; kind=forecast; model estimate from notebook equations and governed assumptions; no single raw cell,model_forecast,,,,,"[""FR9""]",,,,,,,,,,,model estimate from notebook equations and governed assumptions; no single raw cell
oxlon.corrected.20260917,baseline,oxlon-run-20260917T131252Z,cpi_index,"CPI, base index",indeks,annual,2028,2.302523,model_forecast,models/oxlon/notebooks/FR09.ipynb,FR09 output,cell 59,OXLON pipeline; source=ours; kind=forecast; model estimate from notebook equations and governed assumptions; no single raw cell,model_forecast,,,,,"[""FR9""]",,,,,,,,,,,model estimate from notebook equations and governed assumptions; no single raw cell
oxlon.corrected.20260917,baseline,oxlon-run-20260917T131252Z,cpi_index,"CPI, base index",indeks,annual,2029,2.438714,model_forecast,models/oxlon/notebooks/FR09.ipynb,FR09 output,cell 59,OXLON pipeline; source=ours; kind=forecast; model estimate from notebook equations and governed assumptions; no single raw cell,model_forecast,,,,,"[""FR9""]",,,,,,,,,,,model estimate from notebook equations and governed assumptions; no single raw cell
oxlon.corrected.20260917,baseline,oxlon-run-20260917T131252Z,cpi_index,"CPI, base index",indeks,annual,2030,2.583275,model_forecast,models/oxlon/notebooks/FR09.ipynb,FR09 output,cell 59,OXLON pipeline; source=ours; kind=forecast; model estimate from notebook equations and governed assumptions; no single raw cell,model_forecast,,,,,"[""FR9""]",,,,,,,,,,,model estimate from notebook equations and governed assumptions; no single raw cell
oxlon.corrected.20260917,baseline,oxlon-run-20260917T131252Z,cpi_infl,"CPI inflation, annual average",%,annual,1992,-10.63,observed_source,models/oxlon/notebooks/FR09.ipynb,FR09 output,cell 59,OXLON pipeline; source=ours; kind=actual; data_layer CSV observation,observed_source,,,,,"[""FR9""]",,,,,,,,models/oxlon/data/macro_annual.csv,,column=cpi_infl;year=1992,data_layer CSV observation
oxlon.corrected.20260917,baseline,oxlon-run-20260917T131252Z,cpi_infl,"CPI inflation, annual average",%,annual,1993,1128.0,observed_source,models/oxlon/notebooks/FR09.ipynb,FR09 output,cell 59,OXLON pipeline; source=ours; kind=actual; data_layer CSV observation,observed_source,,,,,"[""FR9""]",,,,,,,,models/oxlon/data/macro_annual.csv,,column=cpi_infl;year=1993,data_layer CSV observation
oxlon.corrected.20260917,baseline,oxlon-run-20260917T131252Z,cpi_infl,"CPI inflation, annual average",%,annual,1994,1662.22,observed_source,models/oxlon/notebooks/FR09.ipynb,FR09 output,cell 59,OXLON pipeline; source=ours; kind=actual; data_layer CSV observation,observed_source,,,,,"[""FR9""]",,,,,,,,models/oxlon/data/macro_annual.csv,,column=cpi_infl;year=1994,data_layer CSV observation
oxlon.corrected.20260917,baseline,oxlon-run-20260917T131252Z,cpi_infl,"CPI inflation, annual average",%,annual,1995,411.8,observed_source,models/oxlon/notebooks/FR09.ipynb,FR09 output,cell 59,OXLON pipeline; source=ours; kind=actual; data_layer CSV observation,observed_source,,,,,"[""FR9""]",,,,,,,,models/oxlon/data/macro_annual.csv,,column=cpi_infl;year=1995,data_layer CSV observation
oxlon.corrected.20260917,baseline,oxlon-run-20260917T131252Z,cpi_infl,"CPI inflation, annual average",%,annual,1996,19.9,observed_source,models/oxlon/notebooks/FR09.ipynb,FR09 output,cell 59,OXLON pipeline; source=ours; kind=actual; data_layer CSV observation,observed_source,,,,,"[""FR9""]",,,,,,,,models/oxlon/data/macro_annual.csv,,column=cpi_infl;year=1996,data_layer CSV observation
oxlon.corrected.20260917,baseline,oxlon-run-20260917T131252Z,cpi_infl,"CPI inflation, annual average",%,annual,1997,3.7,observed_source,models/oxlon/notebooks/FR09.ipynb,FR09 output,cell 59,OXLON pipeline; source=ours; kind=actual; data_layer CSV observation,observed_source,,,,,"[""FR9""]",,,,,,,,models/oxlon/data/macro_annual.csv,,column=cpi_infl;year=1997,data_layer CSV observation
oxlon.corrected.20260917,baseline,oxlon-run-20260917T131252Z,cpi_infl,"CPI inflation, annual average",%,annual,1998,-0.8,observed_source,models/oxlon/notebooks/FR09.ipynb,FR09 output,cell 59,OXLON pipeline; source=ours; kind=actual; data_layer CSV observation,observed_source,,,,,"[""FR9""]",,,,,,,,models/oxlon/data/macro_annual.csv,,column=cpi_infl;year=1998,data_layer CSV observation
oxlon.corrected.20260917,baseline,oxlon-run-20260917T131252Z,cpi_infl,"CPI inflation, annual average",%,annual,1999,-8.5,observed_source,models/oxlon/notebooks/FR09.ipynb,FR09 output,cell 59,OXLON pipeline; source=ours; kind=actual; data_layer CSV observation,observed_source,,,,,"[""FR9""]",,,,,,,,models/oxlon/data/macro_annual.csv,,column=cpi_infl;year=1999,data_layer CSV observation
oxlon.corrected.20260917,baseline,oxlon-run-20260917T131252Z,cpi_infl,"CPI inflation, annual average",%,annual,2000,1.8,observed_source,models/oxlon/notebooks/FR09.ipynb,FR09 output,cell 59,OXLON pipeline; source=ours; kind=actual; data_layer CSV observation,observed_source,,,,,"[""FR9""]",,,,,,,,models/oxlon/data/macro_annual.csv,,column=cpi_infl;year=2000,data_layer CSV observation
oxlon.corrected.20260917,baseline,oxlon-run-20260917T131252Z,cpi_infl,"CPI inflation, annual average",%,annual,2001,1.5,observed_source,models/oxlon/notebooks/FR09.ipynb,FR09 output,cell 59,OXLON pipeline; source=ours; kind=actual; data_layer CSV observation,observed_source,,,,,"[""FR9""]",,,,,,,,models/oxlon/data/macro_annual.csv,,column=cpi_infl;year=2001,data_layer CSV observation
oxlon.corrected.20260917,baseline,oxlon-run-20260917T131252Z,cpi_infl,"CPI inflation, annual average",%,annual,2002,2.8,observed_source,models/oxlon/notebooks/FR09.ipynb,FR09 output,cell 59,OXLON pipeline; source=ours; kind=actual; data_layer CSV observation,observed_source,,,,,"[""FR9""]",,,,,,,,models/oxlon/data/macro_annual.csv,,column=cpi_infl;year=2002,data_layer CSV observation
oxlon.corrected.20260917,baseline,oxlon-run-20260917T131252Z,cpi_infl,"CPI inflation, annual average",%,annual,2003,2.2,observed_source,models/oxlon/notebooks/FR09.ipynb,FR09 output,cell 59,OXLON pipeline; source=ours; kind=actual; data_layer CSV observation,observed_source,,,,,"[""FR9""]",,,,,,,,models/oxlon/data/macro_annual.csv,,column=cpi_infl;year=2003,data_layer CSV observation
oxlon.corrected.20260917,baseline,oxlon-run-20260917T131252Z,cpi_infl,"CPI inflation, annual average",%,annual,2004,6.7,observed_source,models/oxlon/notebooks/FR09.ipynb,FR09 output,cell 59,OXLON pipeline; source=ours; kind=actual; data_layer CSV observation,observed_source,,,,,"[""FR9""]",,,,,,,,models/oxlon/data/macro_annual.csv,,column=cpi_infl;year=2004,data_layer CSV observation
oxlon.corrected.20260917,baseline,oxlon-run-20260917T131252Z,cpi_infl,"CPI inflation, annual average",%,annual,2005,9.6,observed_source,models/oxlon/notebooks/FR09.ipynb,FR09 output,cell 59,OXLON pipeline; source=ours; kind=actual; data_layer CSV observation,observed_source,,,,,"[""FR9""]",,,,,,,,models/oxlon/data/macro_annual.csv,,column=cpi_infl;year=2005,data_layer CSV observation
oxlon.corrected.20260917,baseline,oxlon-run-20260917T131252Z,cpi_infl,"CPI inflation, annual average",%,annual,2006,8.3,observed_source,models/oxlon/notebooks/FR09.ipynb,FR09 output,cell 59,OXLON pipeline; source=ours; kind=actual; data_layer CSV observation,observed_source,,,,,"[""FR9""]",,,,,,,,models/oxlon/data/macro_annual.csv,,column=cpi_infl;year=2006,data_layer CSV observation
oxlon.corrected.20260917,baseline,oxlon-run-20260917T131252Z,cpi_infl,"CPI inflation, annual average",%,annual,2007,16.7,observed_source,models/oxlon/notebooks/FR09.ipynb,FR09 output,cell 59,OXLON pipeline; source=ours; kind=actual; data_layer CSV observation,observed_source,,,,,"[""FR9""]",,,,,,,,models/oxlon/data/macro_annual.csv,,column=cpi_infl;year=2007,data_layer CSV observation
oxlon.corrected.20260917,baseline,oxlon-run-20260917T131252Z,cpi_infl,"CPI inflation, annual average",%,annual,2008,20.8,observed_source,models/oxlon/notebooks/FR09.ipynb,FR09 output,cell 59,OXLON pipeline; source=ours; kind=actual; data_layer CSV observation,observed_source,,,,,"[""FR9""]",,,,,,,,models/oxlon/data/macro_annual.csv,,column=cpi_infl;year=2008,data_layer CSV observation
oxlon.corrected.20260917,baseline,oxlon-run-20260917T131252Z,cpi_infl,"CPI inflation, annual average",%,annual,2009,1.5,observed_source,models/oxlon/notebooks/FR09.ipynb,FR09 output,cell 59,OXLON pipeline; source=ours; kind=actual; data_layer CSV observation,observed_source,,,,,"[""FR9""]",,,,,,,,models/oxlon/data/macro_annual.csv,,column=cpi_infl;year=2009,data_layer CSV observation
oxlon.corrected.20260917,baseline,oxlon-run-20260917T131252Z,cpi_infl,"CPI inflation, annual average",%,annual,2010,5.7,observed_source,models/oxlon/notebooks/FR09.ipynb,FR09 output,cell 59,OXLON pipeline; source=ours; kind=actual; data_layer CSV observation,observed_source,,,,,"[""FR9""]",,,,,,,,models/oxlon/data/macro_annual.csv,,column=cpi_infl;year=2010,data_layer CSV observation
oxlon.corrected.20260917,baseline,oxlon-run-20260917T131252Z,cpi_infl,"CPI inflation, annual average",%,annual,2011,7.9,observed_source,models/oxlon/notebooks/FR09.ipynb,FR09 output,cell 59,OXLON pipeline; source=ours; kind=actual; data_layer CSV observation,observed_source,,,,,"[""FR9""]",,,,,,,,models/oxlon/data/macro_annual.csv,,column=cpi_infl;year=2011,data_layer CSV observation
oxlon.corrected.20260917,baseline,oxlon-run-20260917T131252Z,cpi_infl,"CPI inflation, annual average",%,annual,2012,1.1,observed_source,models/oxlon/notebooks/FR09.ipynb,FR09 output,cell 59,OXLON pipeline; source=ours; kind=actual; data_layer CSV observation,observed_source,,,,,"[""FR9""]",,,,,,,,models/oxlon/data/macro_annual.csv,,column=cpi_infl;year=2012,data_layer CSV observation
oxlon.corrected.20260917,baseline,oxlon-run-20260917T131252Z,cpi_infl,"CPI inflation, annual average",%,annual,2013,2.4,observed_source,models/oxlon/notebooks/FR09.ipynb,FR09 output,cell 59,OXLON pipeline; source=ours; kind=actual; data_layer CSV observation,observed_source,,,,,"[""FR9""]",,,,,,,,models/oxlon/data/macro_annual.csv,,column=cpi_infl;year=2013,data_layer CSV observation
oxlon.corrected.20260917,baseline,oxlon-run-20260917T131252Z,cpi_infl,"CPI inflation, annual average",%,annual,2014,1.4,observed_source,models/oxlon/notebooks/FR09.ipynb,FR09 output,cell 59,OXLON pipeline; source=ours; kind=actual; data_layer CSV observation,observed_source,,,,,"[""FR9""]",,,,,,,,models/oxlon/data/macro_annual.csv,,column=cpi_infl;year=2014,data_layer CSV observation
oxlon.corrected.20260917,baseline,oxlon-run-20260917T131252Z,cpi_infl,"CPI inflation, annual average",%,annual,2015,4.0,observed_source,models/oxlon/notebooks/FR09.ipynb,FR09 output,cell 59,OXLON pipeline; source=ours; kind=actual; data_layer CSV observation,observed_source,,,,,"[""FR9""]",,,,,,,,models/oxlon/data/macro_annual.csv,,column=cpi_infl;year=2015,data_layer CSV observation
oxlon.corrected.20260917,baseline,oxlon-run-20260917T131252Z,cpi_infl,"CPI inflation, annual average",%,annual,2016,12.4,observed_source,models/oxlon/notebooks/FR09.ipynb,FR09 output,cell 59,OXLON pipeline; source=ours; kind=actual; data_layer CSV observation,observed_source,,,,,"[""FR9""]",,,,,,,,models/oxlon/data/macro_annual.csv,,column=cpi_infl;year=2016,data_layer CSV observation
oxlon.corrected.20260917,baseline,oxlon-run-20260917T131252Z,cpi_infl,"CPI inflation, annual average",%,annual,2017,12.9,observed_source,models/oxlon/notebooks/FR09.ipynb,FR09 output,cell 59,OXLON pipeline; source=ours; kind=actual; data_layer CSV observation,observed_source,,,,,"[""FR9""]",,,,,,,,models/oxlon/data/macro_annual.csv,,column=cpi_infl;year=2017,data_layer CSV observation
oxlon.corrected.20260917,baseline,oxlon-run-20260917T131252Z,cpi_infl,"CPI inflation, annual average",%,annual,2018,2.3,observed_source,models/oxlon/notebooks/FR09.ipynb,FR09 output,cell 59,OXLON pipeline; source=ours; kind=actual; data_layer CSV observation,observed_source,,,,,"[""FR9""]",,,,,,,,models/oxlon/data/macro_annual.csv,,column=cpi_infl;year=2018,data_layer CSV observation
oxlon.corrected.20260917,baseline,oxlon-run-20260917T131252Z,cpi_infl,"CPI inflation, annual average",%,annual,2019,2.6,observed_source,models/oxlon/notebooks/FR09.ipynb,FR09 output,cell 59,OXLON pipeline; source=ours; kind=actual; data_layer CSV observation,observed_source,,,,,"[""FR9""]",,,,,,,,models/oxlon/data/macro_annual.csv,,column=cpi_infl;year=2019,data_layer CSV observation
oxlon.corrected.20260917,baseline,oxlon-run-20260917T131252Z,cpi_infl,"CPI inflation, annual average",%,annual,2020,2.76,observed_source,models/oxlon/notebooks/FR09.ipynb,FR09 output,cell 59,OXLON pipeline; source=ours; kind=actual; data_layer CSV observation,observed_source,,,,,"[""FR9""]",,,,,,,,models/oxlon/data/macro_annual.csv,,column=cpi_infl;year=2020,data_layer CSV observation
oxlon.corrected.20260917,baseline,oxlon-run-20260917T131252Z,cpi_infl,"CPI inflation, annual average",%,annual,2021,6.7,observed_source,models/oxlon/notebooks/FR09.ipynb,FR09 output,cell 59,OXLON pipeline; source=ours; kind=actual; data_layer CSV observation,observed_source,,,,,"[""FR9""]",,,,,,,,models/oxlon/data/macro_annual.csv,,column=cpi_infl;year=2021,data_layer CSV observation
oxlon.corrected.20260917,baseline,oxlon-run-20260917T131252Z,cpi_infl,"CPI inflation, annual average",%,annual,2022,13.9,observed_source,models/oxlon/notebooks/FR09.ipynb,FR09 output,cell 59,OXLON pipeline; source=ours; kind=actual; data_layer CSV observation,observed_source,,,,,"[""FR9""]",,,,,,,,models/oxlon/data/macro_annual.csv,,column=cpi_infl;year=2022,data_layer CSV observation
oxlon.corrected.20260917,baseline,oxlon-run-20260917T131252Z,cpi_infl,"CPI inflation, annual average",%,annual,2023,8.8,observed_source,models/oxlon/notebooks/FR09.ipynb,FR09 output,cell 59,OXLON pipeline; source=ours; kind=actual; data_layer CSV observation,observed_source,,,,,"[""FR9""]",,,,,,,,models/oxlon/data/macro_annual.csv,,column=cpi_infl;year=2023,data_layer CSV observation
oxlon.corrected.20260917,baseline,oxlon-run-20260917T131252Z,cpi_infl,"CPI inflation, annual average",%,annual,2024,2.2,observed_source,models/oxlon/notebooks/FR09.ipynb,FR09 output,cell 59,OXLON pipeline; source=ours; kind=actual; data_layer CSV observation,observed_source,,,,,"[""FR9""]",,,,,,,,models/oxlon/data/macro_annual.csv,,column=cpi_infl;year=2024,data_layer CSV observation
oxlon.corrected.20260917,baseline,oxlon-run-20260917T131252Z,cpi_infl,"CPI inflation, annual average",%,annual,2025,5.6,observed_official,models/oxlon/notebooks/FR09.ipynb,FR09 output,cell 59,OXLON pipeline; source=ours; kind=actual; official 2025 actual replacement,observed_official,,,,,"[""FR9""]",,,,,,,,models/oxlon/data/official_2025_actuals.csv,official_2025_actuals,series=cpi_infl;year=2025,official 2025 actual replacement
oxlon.corrected.20260917,baseline,oxlon-run-20260917T131252Z,cpi_infl,"CPI inflation, annual average",%,annual,2026,5.2991,model_forecast,models/oxlon/notebooks/FR09.ipynb,FR09 output,cell 59,OXLON pipeline; source=ours; kind=forecast; model estimate from notebook equations and governed assumptions; no single raw cell,model_forecast,,,,,"[""FR9""]",,,,,,,,,,,model estimate from notebook equations and governed assumptions; no single raw cell
oxlon.corrected.20260917,baseline,oxlon-run-20260917T131252Z,cpi_infl,"CPI inflation, annual average",%,annual,2027,5.7416,model_forecast,models/oxlon/notebooks/FR09.ipynb,FR09 output,cell 59,OXLON pipeline; source=ours; kind=forecast; model estimate from notebook equations and governed assumptions; no single raw cell,model_forecast,,,,,"[""FR9""]",,,,,,,,,,,model estimate from notebook equations and governed assumptions; no single raw cell
oxlon.corrected.20260917,baseline,oxlon-run-20260917T131252Z,cpi_infl,"CPI inflation, annual average",%,annual,2028,5.8752,model_forecast,models/oxlon/notebooks/FR09.ipynb,FR09 output,cell 59,OXLON pipeline; source=ours; kind=forecast; model estimate from notebook equations and governed assumptions; no single raw cell,model_forecast,,,,,"[""FR9""]",,,,,,,,,,,model estimate from notebook equations and governed assumptions; no single raw cell
oxlon.corrected.20260917,baseline,oxlon-run-20260917T131252Z,cpi_infl,"CPI inflation, annual average",%,annual,2029,5.9149,model_forecast,models/oxlon/notebooks/FR09.ipynb,FR09 output,cell 59,OXLON pipeline; source=ours; kind=forecast; model estimate from notebook equations and governed assumptions; no single raw cell,model_forecast,,,,,"[""FR9""]",,,,,,,,,,,model estimate from notebook equations and governed assumptions; no single raw cell
oxlon.corrected.20260917,baseline,oxlon-run-20260917T131252Z,cpi_infl,"CPI inflation, annual average",%,annual,2030,5.9278,model_forecast,models/oxlon/notebooks/FR09.ipynb,FR09 output,cell 59,OXLON pipeline; source=ours; kind=forecast; model estimate from notebook equations and governed assumptions; no single raw cell,model_forecast,,,,,"[""FR9""]",,,,,,,,,,,model estimate from notebook equations and governed assumptions; no single raw cell
