concept_id,indicator,technical_interpretation,original_mapping_notes,mapped_providers,comparability_decisions
gdp_nominal_market,Nominal GDP at market prices,"Compare current market-price GDP in million AZN, not basic-price value added. Ministry macro aggregates linked production accounts; CAEM canonical GDP is expenditure-framework sheet 5a row 24, while its production-book row 85 remains separate. Oxlon 2025 is an official-history replacement. Retained input and revision boundaries differ.",,3,"[{""models"":[""ministry_macro"",""ministry_caem""],""comparable_definition"":true,""comparable_vintage"":false,""reason"":""Same governed definition; different retained source/revision periods""},{""models"":[""ministry_macro"",""oxlon.corrected.20260917""],""comparable_definition"":true,""comparable_vintage"":false,""reason"":""Same governed definition; different retained source/revision periods""},{""models"":[""ministry_caem"",""oxlon.corrected.20260917""],""comparable_definition"":true,""comparable_vintage"":false,""reason"":""Same governed definition; different retained source/revision periods""}]"
gdp_real_growth_market,GDP volume growth,"Compare annual volume growth, not nominal growth or a real-GDP index. Macro branch volumes and weights and CAEM structural production/expenditure closure differ from independent Oxlon forecasts. The 2025 source rows are expected, forecast and observed, respectively; IMF Table 1 is a staff estimate/reference. Different base years, weights and information sets prevent attributing the numerical gap solely to model method.","Growth is comparable in concept, but historical precision/revisions and forecast/expected/actual status differ; weights/base years remain model-specific.",4,"[{""models"":[""ministry_macro"",""ministry_caem""],""comparable_definition"":true,""comparable_vintage"":false,""reason"":""Same governed definition; different retained source/revision periods""},{""models"":[""ministry_macro"",""oxlon.corrected.20260917""],""comparable_definition"":true,""comparable_vintage"":false,""reason"":""Same governed definition; different retained source/revision periods""},{""models"":[""ministry_caem"",""oxlon.corrected.20260917""],""comparable_definition"":true,""comparable_vintage"":false,""reason"":""Same governed definition; different retained source/revision periods""}]"
gdp_deflator_growth_market,GDP implicit deflator growth,"An implicit GDP deflator reflects nominal versus volume GDP and differs from consumer inflation. Oxlon 2025 is an accounting-derived identity, not a separately released observed deflator. Reconcile compatible nominal levels, real-growth bases and revisions before comparing the deflator residual.","Oxlon 2025 is an accounting-derived correction, not a separately observed released deflator.",3,"[{""models"":[""ministry_macro"",""ministry_caem""],""comparable_definition"":true,""comparable_vintage"":false,""reason"":""Same governed definition; different retained source/revision periods""},{""models"":[""ministry_macro"",""oxlon.corrected.20260917""],""comparable_definition"":true,""comparable_vintage"":false,""reason"":""Same governed definition; different retained source/revision periods""},{""models"":[""ministry_caem"",""oxlon.corrected.20260917""],""comparable_definition"":true,""comparable_vintage"":false,""reason"":""Same governed definition; different retained source/revision periods""}]"
nonoil_gdp_nominal_market,Non-oil GDP market-price classification,The retained Ministry/CAEM oil–non-oil partition and Oxlon official/raw historical partition must remain visible. Market-price GDP includes matching product taxes; basic-price VA and the separately reclassified Oxlon production aggregate cannot be substituted. Historical mapping does not establish a common forecast classification.,CAEM and Ministry retain 2024 near-identical legacy partition; Oxlon canonical2024/2025 non-oil nominal values preserve the official/raw partition; reclassified production-series values are separate. Do not replace these with basic-price VA or a different production partition without a classification bridge.,3,"[{""models"":[""ministry_macro"",""ministry_caem""],""comparable_definition"":true,""comparable_vintage"":false,""reason"":""Same governed definition; different retained source/revision periods""},{""models"":[""ministry_macro"",""oxlon.corrected.20260917""],""comparable_definition"":true,""comparable_vintage"":false,""reason"":""Same governed definition; different retained source/revision periods""},{""models"":[""ministry_caem"",""oxlon.corrected.20260917""],""comparable_definition"":true,""comparable_vintage"":false,""reason"":""Same governed definition; different retained source/revision periods""}]"
nonoil_gdp_real_growth_market,Non-oil market GDP versus published basic-price VA growth,"Ministry macro and CAEM target non-oil market-price GDP including net taxes. The Oxlon FR2 published forecast convention is non-oil basic-price VA growth, with a separately documented production classification. The IMF nonhydrocarbon reference requires its own classification check. Agreement in the historical headline cannot establish equal forecast weighting or coverage.",,4,"[{""models"":[""ministry_macro"",""ministry_caem""],""comparable_definition"":true,""comparable_vintage"":false,""reason"":""Same governed definition; different retained source/revision periods""},{""models"":[""ministry_macro"",""oxlon.corrected.20260917""],""comparable_definition"":false,""comparable_vintage"":false,""reason"":""Different or unresolved definition, classification, measurement or coverage; do not alias""},{""models"":[""ministry_caem"",""oxlon.corrected.20260917""],""comparable_definition"":false,""comparable_vintage"":false,""reason"":""Different or unresolved definition, classification, measurement or coverage; do not alias""}]"
nonoil_basic_value_added,Non-oil basic-price VA,"Basic-price non-oil VA excludes taxes less subsidies on products. CAEM and Oxlon non-oil classification groups differ; the macro canonical output has no approved direct VA mapping. GDP minus matching source taxes is an explicit derived transformation requiring a classification bridge, not an automatic alias.",,3,"[{""models"":[""ministry_macro"",""ministry_caem""],""comparable_definition"":false,""comparable_vintage"":false,""reason"":""Different or unresolved definition, classification, measurement or coverage; do not alias""},{""models"":[""ministry_macro"",""oxlon.corrected.20260917""],""comparable_definition"":false,""comparable_vintage"":false,""reason"":""Different or unresolved definition, classification, measurement or coverage; do not alias""},{""models"":[""ministry_caem"",""oxlon.corrected.20260917""],""comparable_definition"":false,""comparable_vintage"":false,""reason"":""Different or unresolved definition, classification, measurement or coverage; do not alias""}]"
nonoil_gdp_deflator_growth,Non-oil deflator with partition guard,"Use nominal and real non-oil values from the same partition. CAEM source row 124 is an implicit market-GDP deflator, with a blank 2024 cell; forecast demand-price row 125 is separate. Oxlon historical correction uses the canonical raw partition; reclassified production levels require a separate denominator. No fabricated 2024 observation or common deflator is inserted.",Oxlon canonical2025 correction is consistent with raw 85712.4099→92307.1. Reclassified production nominal levels remain a separate concept.,3,"[{""models"":[""ministry_macro"",""ministry_caem""],""comparable_definition"":true,""comparable_vintage"":false,""reason"":""Same governed definition; different retained source/revision periods""},{""models"":[""ministry_macro"",""oxlon.corrected.20260917""],""comparable_definition"":false,""comparable_vintage"":false,""reason"":""Different or unresolved definition, classification, measurement or coverage; do not alias""},{""models"":[""ministry_caem"",""oxlon.corrected.20260917""],""comparable_definition"":false,""comparable_vintage"":false,""reason"":""Different or unresolved definition, classification, measurement or coverage; do not alias""}]"
cpi_annual_average_inflation,Annual-average CPI inflation,"Annual-average CPI is distinct from December-on-December CPI. Macro retained expected value, CAEM structural forecast, Oxlon observed 2025 history and IMF staff estimate have different status and information boundaries. CPI equation contributions are reconstructed separately below; their cross-model gaps are not identified causal method effects.","December-on-December CPI is a different series, present in official_2025_actuals.csv as cpi_dec_yoy=5.2; average CPI=5.6.",4,"[{""models"":[""ministry_macro"",""ministry_caem""],""comparable_definition"":true,""comparable_vintage"":false,""reason"":""Same governed definition; different retained source/revision periods""},{""models"":[""ministry_macro"",""oxlon.corrected.20260917""],""comparable_definition"":true,""comparable_vintage"":false,""reason"":""Same governed definition; different retained source/revision periods""},{""models"":[""ministry_caem"",""oxlon.corrected.20260917""],""comparable_definition"":true,""comparable_vintage"":false,""reason"":""Same governed definition; different retained source/revision periods""}]"
fx_usd_annual_average,Annual-average AZN per USD,"Compare annual-average AZN per US dollar; a larger value indicates manat depreciation in this bilateral quotation. A literal source or scenario input is not an estimated forecast merely because it has a future year. End-period quotations, NEER and REER have different definitions. Use each model’s compatible annual-average rate for currency conversions.",,3,"[{""models"":[""ministry_macro"",""ministry_caem""],""comparable_definition"":true,""comparable_vintage"":false,""reason"":""Same governed definition; different retained source/revision periods""},{""models"":[""ministry_macro"",""oxlon.corrected.20260917""],""comparable_definition"":true,""comparable_vintage"":false,""reason"":""Same governed definition; different retained source/revision periods""},{""models"":[""ministry_caem"",""oxlon.corrected.20260917""],""comparable_definition"":true,""comparable_vintage"":false,""reason"":""Same governed definition; different retained source/revision periods""}]"
fx_eur_annual_average,Annual-average AZN per EUR,"Compare annual-average AZN per euro. CAEM has no verified annual-average euro result mapping in this comparison. Effective exchange-rate indices are not substitutes for a bilateral euro rate; missing entries remain missing. A dollar/euro cross-rate conversion requires matched quotation, averaging and vintage assumptions.",,3,"[{""models"":[""ministry_macro"",""ministry_caem""],""comparable_definition"":false,""comparable_vintage"":false,""reason"":""Different or unresolved definition, classification, measurement or coverage; do not alias""},{""models"":[""ministry_macro"",""oxlon.corrected.20260917""],""comparable_definition"":true,""comparable_vintage"":false,""reason"":""Same governed definition; different retained source/revision periods""},{""models"":[""ministry_caem"",""oxlon.corrected.20260917""],""comparable_definition"":false,""comparable_vintage"":false,""reason"":""Different or unresolved definition, classification, measurement or coverage; do not alias""}]"
investment_fixed_capital_nominal,Fixed-capital investment levels,"Statistical investment directed to fixed capital in macro/Oxlon differs from SNA fixed-capital formation in CAEM. The original CAEM 5a row 11 includes row 16 inventories despite its label; row 12 excludes inventories. Equal million-AZN units do not establish equal perimeter, asset coverage or timing.",,3,"[{""models"":[""ministry_macro"",""ministry_caem""],""comparable_definition"":false,""comparable_vintage"":false,""reason"":""Different or unresolved definition, classification, measurement or coverage; do not alias""},{""models"":[""ministry_macro"",""oxlon.corrected.20260917""],""comparable_definition"":true,""comparable_vintage"":false,""reason"":""Same governed definition; different retained source/revision periods""},{""models"":[""ministry_caem"",""oxlon.corrected.20260917""],""comparable_definition"":false,""comparable_vintage"":false,""reason"":""Different or unresolved definition, classification, measurement or coverage; do not alias""}]"
investment_fixed_capital_real_growth,Investment volume growth,Macro/Oxlon statistical investment-volume growth and CAEM expenditure-account real fixed-capital formation have different measurement boundaries and price bases. Compare levels and their source-specific deflators alongside growth; do not infer comparable investment merely from matching percentage units.,Oxlon 2024 investment level/growth and CAEM 2024 fixed formation/growth differ despite both being described as investment.,3,"[{""models"":[""ministry_macro"",""ministry_caem""],""comparable_definition"":false,""comparable_vintage"":false,""reason"":""Different or unresolved definition, classification, measurement or coverage; do not alias""},{""models"":[""ministry_macro"",""oxlon.corrected.20260917""],""comparable_definition"":true,""comparable_vintage"":false,""reason"":""Same governed definition; different retained source/revision periods""},{""models"":[""ministry_caem"",""oxlon.corrected.20260917""],""comparable_definition"":false,""comparable_vintage"":false,""reason"":""Different or unresolved definition, classification, measurement or coverage; do not alias""}]"
exports_goods_services,Goods and services exports,"Macro and CAEM rows are BoP goods-and-services exports in million USD; the mapped Oxlon row is national-account P.6 in million AZN. Currency conversion alone does not reconcile valuation, residence/ownership adjustments, goods/services coverage or revision vintages. Customs merchandise totals remain separate.",BoP versus national-account measurement cannot be repaired by FX conversion alone. Services must not be removed or customs merchandise aliased.,3,"[{""models"":[""ministry_macro"",""ministry_caem""],""comparable_definition"":true,""comparable_vintage"":false,""reason"":""Same governed definition; different retained source/revision periods""},{""models"":[""ministry_macro"",""oxlon.corrected.20260917""],""comparable_definition"":false,""comparable_vintage"":false,""reason"":""Different or unresolved definition, classification, measurement or coverage; do not alias""},{""models"":[""ministry_caem"",""oxlon.corrected.20260917""],""comparable_definition"":false,""comparable_vintage"":false,""reason"":""Different or unresolved definition, classification, measurement or coverage; do not alias""}]"
exports_goods_bop_nonoil,Non-oil BoP goods exports,"This concept is non-oil BoP goods exports, not customs merchandise exports or exports including services. Oil/non-oil classification and BoP source revisions must match. The intended CAEM source row is not in the normalized saved export, so the overview must not fill the gap using a different category.",BoP goods not customs merchandise; oil/non-oil classifications require validation before mixing revisions.,3,"[{""models"":[""ministry_macro"",""ministry_caem""],""comparable_definition"":true,""comparable_vintage"":false,""reason"":""Same governed definition; different retained source/revision periods""},{""models"":[""ministry_macro"",""oxlon.corrected.20260917""],""comparable_definition"":true,""comparable_vintage"":false,""reason"":""Same governed definition; different retained source/revision periods""},{""models"":[""ministry_caem"",""oxlon.corrected.20260917""],""comparable_definition"":true,""comparable_vintage"":false,""reason"":""Same governed definition; different retained source/revision periods""}]"
imports_goods_services,Goods and services imports,Macro and CAEM rows are BoP goods-and-services imports in million USD; Oxlon P.7 is national-account imports in million AZN. Match source valuation and statistical adjustments before converting currency or ranking gaps. Removing services or substituting customs goods would change the target.,BoP versus national-account measurement cannot be repaired by FX conversion alone. Services must not be removed or customs merchandise aliased.,3,"[{""models"":[""ministry_macro"",""ministry_caem""],""comparable_definition"":true,""comparable_vintage"":false,""reason"":""Same governed definition; different retained source/revision periods""},{""models"":[""ministry_macro"",""oxlon.corrected.20260917""],""comparable_definition"":false,""comparable_vintage"":false,""reason"":""Different or unresolved definition, classification, measurement or coverage; do not alias""},{""models"":[""ministry_caem"",""oxlon.corrected.20260917""],""comparable_definition"":false,""comparable_vintage"":false,""reason"":""Different or unresolved definition, classification, measurement or coverage; do not alias""}]"
imports_goods_bop_nonoil,Non-oil BoP goods imports,This concept is non-oil BoP goods imports. Keep customs versus BoP measurement and oil/non-oil coverage separate. The intended CAEM source row has no normalized saved result in this comparison; a blank is not zero or evidence of no economic imports.,BoP goods not customs merchandise; oil/non-oil classifications require validation before mixing revisions.,3,"[{""models"":[""ministry_macro"",""ministry_caem""],""comparable_definition"":true,""comparable_vintage"":false,""reason"":""Same governed definition; different retained source/revision periods""},{""models"":[""ministry_macro"",""oxlon.corrected.20260917""],""comparable_definition"":true,""comparable_vintage"":false,""reason"":""Same governed definition; different retained source/revision periods""},{""models"":[""ministry_caem"",""oxlon.corrected.20260917""],""comparable_definition"":true,""comparable_vintage"":false,""reason"":""Same governed definition; different retained source/revision periods""}]"
customs_merchandise_total,Customs merchandise total,No provider has a verified separate monetary customs-total mapping here. BoP-linked statutory trade and country/product concentration counts cannot supply this missing customs series. Obtain and validate a distinct customs release before adding monetary totals or comparisons.,,3,"[{""models"":[""ministry_macro"",""ministry_caem""],""comparable_definition"":false,""comparable_vintage"":false,""reason"":""Different or unresolved definition, classification, measurement or coverage; do not alias""},{""models"":[""ministry_macro"",""oxlon.corrected.20260917""],""comparable_definition"":false,""comparable_vintage"":false,""reason"":""Different or unresolved definition, classification, measurement or coverage; do not alias""},{""models"":[""ministry_caem"",""oxlon.corrected.20260917""],""comparable_definition"":false,""comparable_vintage"":false,""reason"":""Different or unresolved definition, classification, measurement or coverage; do not alias""}]"
fiscal_revenue,Fiscal revenue perimeter,"Macro and Oxlon target state-budget revenue; the intended CAEM mapping is general-government/consolidated revenue. Institutional coverage, transfers, consolidation and source accounting conventions differ. CAEM state-budget-only source rows exist separately and need their own approved mapping; its summary revenue/GDP ratio cannot silently replace an amount or a state-budget total.","CAEM 3a C36/C65/C116 general government, C140 consolidated expenditure; source Fiscal sector rows166/175 consolidated budget. State-budget-only CAEM row306 exists separately; no alias of consolidated and state revenue.",3,"[{""models"":[""ministry_macro"",""ministry_caem""],""comparable_definition"":false,""comparable_vintage"":false,""reason"":""Different or unresolved definition, classification, measurement or coverage; do not alias""},{""models"":[""ministry_macro"",""oxlon.corrected.20260917""],""comparable_definition"":true,""comparable_vintage"":false,""reason"":""Same governed definition; different retained source/revision periods""},{""models"":[""ministry_caem"",""oxlon.corrected.20260917""],""comparable_definition"":false,""comparable_vintage"":false,""reason"":""Different or unresolved definition, classification, measurement or coverage; do not alias""}]"
fiscal_expenditure,Fiscal expenditure perimeter,"Macro/Oxlon state-budget expenditure and CAEM consolidated/general-government expenditure have different institutional perimeters. Confirm whether expense, capital acquisition, transfers and net lending are included before comparing totals. A summary percentage-of-GDP row is a different unit from million AZN.","CAEM 3a C36/C65/C116 general government, C140 consolidated expenditure; source Fiscal sector rows166/175 consolidated budget. State-budget-only CAEM row306 exists separately; no alias of consolidated and state revenue.",3,"[{""models"":[""ministry_macro"",""ministry_caem""],""comparable_definition"":false,""comparable_vintage"":false,""reason"":""Different or unresolved definition, classification, measurement or coverage; do not alias""},{""models"":[""ministry_macro"",""oxlon.corrected.20260917""],""comparable_definition"":true,""comparable_vintage"":false,""reason"":""Same governed definition; different retained source/revision periods""},{""models"":[""ministry_caem"",""oxlon.corrected.20260917""],""comparable_definition"":false,""comparable_vintage"":false,""reason"":""Different or unresolved definition, classification, measurement or coverage; do not alias""}]"
fiscal_balance,Fiscal balance perimeter,"A revenue-minus-expenditure state-budget balance cannot be directly equated with consolidated/general-government net lending or borrowing. Check both perimeter and surplus/deficit sign. Oxlon 2025 is derived model history in the saved output, not a located independently observed official balance; the underlying release locator remains absent.","CAEM 3a C36/C65/C116 general government, C140 consolidated expenditure; source Fiscal sector rows166/175 consolidated budget. State-budget-only CAEM row306 exists separately; no alias of consolidated and state revenue.",3,"[{""models"":[""ministry_macro"",""ministry_caem""],""comparable_definition"":false,""comparable_vintage"":false,""reason"":""Different or unresolved definition, classification, measurement or coverage; do not alias""},{""models"":[""ministry_macro"",""oxlon.corrected.20260917""],""comparable_definition"":true,""comparable_vintage"":false,""reason"":""Same governed definition; different retained source/revision periods""},{""models"":[""ministry_caem"",""oxlon.corrected.20260917""],""comparable_definition"":false,""comparable_vintage"":false,""reason"":""Different or unresolved definition, classification, measurement or coverage; do not alias""}]"
current_account_balance,BoP current account balance,"Use the BoP current-account amount in million USD: goods/services balance plus net primary and secondary income. CAEM’s canonical current_account series is a percentage of GDP; its exact USD level is the separate External USD row 20. The resolved amount mapping uses that existing exported row, without changing the underlying results.","CAEM canonical current_account is %GDP, not mlnUSD; exact level uses 2a row20. Conversion uses compatible current GDP and annual-average AZN/USD; never mix vintages.",3,"[{""models"":[""ministry_macro"",""ministry_caem""],""comparable_definition"":true,""comparable_vintage"":false,""reason"":""Same governed definition; different retained source/revision periods""},{""models"":[""ministry_macro"",""oxlon.corrected.20260917""],""comparable_definition"":true,""comparable_vintage"":false,""reason"":""Same governed definition; different retained source/revision periods""},{""models"":[""ministry_caem"",""oxlon.corrected.20260917""],""comparable_definition"":true,""comparable_vintage"":false,""reason"":""Same governed definition; different retained source/revision periods""}]"
current_account_ratio_gdp,BoP current account ratio,"A whole-economy current-account/GDP ratio requires same-vintage current-account amount, current-price GDP and annual-average FX if the numerator and denominator currencies differ. CAEM directly publishes the ratio. Other engines have no approved direct mapping here; a non-oil current-account ratio is a different target.",,3,"[{""models"":[""ministry_macro"",""ministry_caem""],""comparable_definition"":false,""comparable_vintage"":false,""reason"":""Different or unresolved definition, classification, measurement or coverage; do not alias""},{""models"":[""ministry_macro"",""oxlon.corrected.20260917""],""comparable_definition"":false,""comparable_vintage"":false,""reason"":""Different or unresolved definition, classification, measurement or coverage; do not alias""},{""models"":[""ministry_caem"",""oxlon.corrected.20260917""],""comparable_definition"":false,""comparable_vintage"":false,""reason"":""Different or unresolved definition, classification, measurement or coverage; do not alias""}]"
financial_account_excluding_reserves,Financial account excluding reserve assets,"CAEM preserves net acquisition of assets minus net incurrence of liabilities, excluding separately reported reserve assets. The macro source sign convention needs owner confirmation before aliasing categories or interpreting inward FDI. Oxlon has no verified canonical financial-account total. A zero overall BoP identity does not demonstrate separately estimated financial flows.","CAEM row110=assets(row111)-liabilities(row113), portfolio row115 analogous. Ministry signed finance total is preserved, but no blanket inward-FDI sign alias is approved. BoP total balance zero is an identity, not evidence that each original financial category is estimated.",3,"[{""models"":[""ministry_macro"",""ministry_caem""],""comparable_definition"":false,""comparable_vintage"":false,""reason"":""Different or unresolved definition, classification, measurement or coverage; do not alias""},{""models"":[""ministry_macro"",""oxlon.corrected.20260917""],""comparable_definition"":false,""comparable_vintage"":false,""reason"":""Different or unresolved definition, classification, measurement or coverage; do not alias""},{""models"":[""ministry_caem"",""oxlon.corrected.20260917""],""comparable_definition"":false,""comparable_vintage"":false,""reason"":""Different or unresolved definition, classification, measurement or coverage; do not alias""}]"
nonoil_gdp_nominal_production_reclassified,Non-oil market GDP separate production partition,Oxlon FR2 adds non-oil mining within its separate production partition. Its canonical official/raw nonoil_nom is a distinct source object. Ministry and CAEM retained partitions must not be relabelled to this revised classification without a component/tax bridge.,Canonical official/raw nonoil_nom is a different Oxlon source-series object; no alias.,3,"[{""models"":[""ministry_macro"",""ministry_caem""],""comparable_definition"":true,""comparable_vintage"":false,""reason"":""Same governed definition; different retained source/revision periods""},{""models"":[""ministry_macro"",""oxlon.corrected.20260917""],""comparable_definition"":false,""comparable_vintage"":false,""reason"":""Different or unresolved definition, classification, measurement or coverage; do not alias""},{""models"":[""ministry_caem"",""oxlon.corrected.20260917""],""comparable_definition"":false,""comparable_vintage"":false,""reason"":""Different or unresolved definition, classification, measurement or coverage; do not alias""}]"
gdp_nominal_expenditure_caem,CAEM nominal expenditure GDP counterpart,This counterpart resolves to the same existing CAEM 5a row 24 expenditure result used for canonical nominal GDP. The separate production-book row 85 has a retained current-price difference. Solving GDP-growth and deflator residuals does not prove equality of these nominal source accounts; both totals and their difference are shown below.,CAEM production-source row85 and expenditure-source5a row24 must remain separately visible until current-price accounting reconciliation is confirmed.,3,"[{""models"":[""ministry_macro"",""ministry_caem""],""comparable_definition"":false,""comparable_vintage"":false,""reason"":""Different or unresolved definition, classification, measurement or coverage; do not alias""},{""models"":[""ministry_macro"",""oxlon.corrected.20260917""],""comparable_definition"":false,""comparable_vintage"":false,""reason"":""Different or unresolved definition, classification, measurement or coverage; do not alias""},{""models"":[""ministry_caem"",""oxlon.corrected.20260917""],""comparable_definition"":false,""comparable_vintage"":false,""reason"":""Different or unresolved definition, classification, measurement or coverage; do not alias""}]"
