indicator,label_az,latest,date,unit,baseline_source,baseline_year,baseline_assumption,deviation,deviation_pct,sigma,z_score,z_basis,signal,note,istinad,signal_qaydasi
brent_spot,Brent (spot),125.44,2026-10-06,USD/barel,OxLon §15.5.1,2026,68.98,56.46,81.8498,16.6662,3.3877,OxLon Brent h=1 RMSE (log) × fərziyyə,xəbərdarlıq ↑,30 günlük orta 118.93,"proqnoz fərziyyəsinə görə (OxLon §15.5.1, 2026); z = (son − fərziyyə) / σ (OxLon Brent h=1 RMSE (log) × fərziyyə)","ikitərəfli: |z| < 1 normal, 1–2 diqqət, ≥ 2 xəbərdarlıq (↑/↓ — sapmanın istiqaməti, risk istiqaməti deyil)"
brent_implied_annual,Brent 2026 illik ortası (YTD + spot),101.266,2026-10-06,USD/barel,OxLon §15.5.1,2026,68.98,32.2863,46.8053,3.92682,8.22199,σ × qalan il payı,xəbərdarlıq ↑,"YTD ortası 93.81 (n=193), il payı 0.76","proqnoz fərziyyəsinə görə (OxLon §15.5.1, 2026); z = (son − fərziyyə) / σ (σ × qalan il payı)","ikitərəfli: |z| < 1 normal, 1–2 diqqət, ≥ 2 xəbərdarlıq (↑/↓ — sapmanın istiqaməti, risk istiqaməti deyil)"
brent_spot,Brent (spot),125.44,2026-10-06,USD/barel,MicroUnit FR1,2026,68,57.44,84.4706,16.4294,3.49617,OxLon Brent h=1 RMSE (log) × fərziyyə,xəbərdarlıq ↑,30 günlük orta 118.93,"proqnoz fərziyyəsinə görə (MicroUnit FR1, 2026); z = (son − fərziyyə) / σ (OxLon Brent h=1 RMSE (log) × fərziyyə)","ikitərəfli: |z| < 1 normal, 1–2 diqqət, ≥ 2 xəbərdarlıq (↑/↓ — sapmanın istiqaməti, risk istiqaməti deyil)"
brent_implied_annual,Brent 2026 illik ortası (YTD + spot),101.266,2026-10-06,USD/barel,MicroUnit FR1,2026,68,33.2663,48.921,3.87103,8.59365,σ × qalan il payı,xəbərdarlıq ↑,"YTD ortası 93.81 (n=193), il payı 0.76","proqnoz fərziyyəsinə görə (MicroUnit FR1, 2026); z = (son − fərziyyə) / σ (σ × qalan il payı)","ikitərəfli: |z| < 1 normal, 1–2 diqqət, ≥ 2 xəbərdarlıq (↑/↓ — sapmanın istiqaməti, risk istiqaməti deyil)"
brent_spot,Brent (spot),125.44,2026-10-06,USD/barel,Nazirlik CAEM,2026,65.862,59.578,90.4589,15.9128,3.74402,OxLon Brent h=1 RMSE (log) × fərziyyə,xəbərdarlıq ↑,30 günlük orta 118.93,"proqnoz fərziyyəsinə görə (Nazirlik CAEM, 2026); z = (son − fərziyyə) / σ (OxLon Brent h=1 RMSE (log) × fərziyyə)","ikitərəfli: |z| < 1 normal, 1–2 diqqət, ≥ 2 xəbərdarlıq (↑/↓ — sapmanın istiqaməti, risk istiqaməti deyil)"
brent_implied_annual,Brent 2026 illik ortası (YTD + spot),101.266,2026-10-06,USD/barel,Nazirlik CAEM,2026,65.862,35.4043,53.7553,3.74932,9.44286,σ × qalan il payı,xəbərdarlıq ↑,"YTD ortası 93.81 (n=193), il payı 0.76","proqnoz fərziyyəsinə görə (Nazirlik CAEM, 2026); z = (son − fərziyyə) / σ (σ × qalan il payı)","ikitərəfli: |z| < 1 normal, 1–2 diqqət, ≥ 2 xəbərdarlıq (↑/↓ — sapmanın istiqaməti, risk istiqaməti deyil)"
brent_spot,Brent (spot),125.44,2026-10-06,USD/barel,Nazirlik Bottom-up,2026,65,60.44,92.9846,15.7046,3.84856,OxLon Brent h=1 RMSE (log) × fərziyyə,xəbərdarlıq ↑,30 günlük orta 118.93,"proqnoz fərziyyəsinə görə (Nazirlik Bottom-up, 2026); z = (son − fərziyyə) / σ (OxLon Brent h=1 RMSE (log) × fərziyyə)","ikitərəfli: |z| < 1 normal, 1–2 diqqət, ≥ 2 xəbərdarlıq (↑/↓ — sapmanın istiqaməti, risk istiqaməti deyil)"
brent_implied_annual,Brent 2026 illik ortası (YTD + spot),101.266,2026-10-06,USD/barel,Nazirlik Bottom-up,2026,65,36.2663,55.7943,3.70025,9.80103,σ × qalan il payı,xəbərdarlıq ↑,"YTD ortası 93.81 (n=193), il payı 0.76","proqnoz fərziyyəsinə görə (Nazirlik Bottom-up, 2026); z = (son − fərziyyə) / σ (σ × qalan il payı)","ikitərəfli: |z| < 1 normal, 1–2 diqqət, ≥ 2 xəbərdarlıq (↑/↓ — sapmanın istiqaməti, risk istiqaməti deyil)"
azeri_light_proxy,Azeri Light (proksi) vs FR1 ixrac qiyməti,126.111,2026-10-06,USD/barel,MicroUnit FR1,2026,66.0185,60.0921,91.0232,15.9506,3.76738,OxLon Brent h=1 RMSE (log),xəbərdarlıq ↑,Proksi: Brent + sənədləşdirilmiş spred (azad Azeri Light mənbəyi yoxdur),"proqnoz fərziyyəsinə görə (MicroUnit FR1, 2026); z = (son − fərziyyə) / σ (OxLon Brent h=1 RMSE (log))","ikitərəfli: |z| < 1 normal, 1–2 diqqət, ≥ 2 xəbərdarlıq (↑/↓ — sapmanın istiqaməti, risk istiqaməti deyil)"
usd_azn,USD/AZN rəsmi məzənnə,1.7,2026-10-08,AZN,OxLon §15.5.1,2026,1.7,0,0,0.09435,0,"OxLon FX fan σ 5,55 %/il (peq dövrü)",normal,,"proqnoz fərziyyəsinə görə (OxLon §15.5.1, 2026); z = (son − fərziyyə) / σ (OxLon FX fan σ 5,55 %/il (peq dövrü))","ikitərəfli: |z| < 1 normal, 1–2 diqqət, ≥ 2 xəbərdarlıq (↑/↓ — sapmanın istiqaməti, risk istiqaməti deyil)"
usd_azn,USD/AZN rəsmi məzənnə,1.7,2026-10-08,AZN,MicroUnit FR1,2026,1.7,0,0,0.09435,0,"OxLon FX fan σ 5,55 %/il (peq dövrü)",normal,,"proqnoz fərziyyəsinə görə (MicroUnit FR1, 2026); z = (son − fərziyyə) / σ (OxLon FX fan σ 5,55 %/il (peq dövrü))","ikitərəfli: |z| < 1 normal, 1–2 diqqət, ≥ 2 xəbərdarlıq (↑/↓ — sapmanın istiqaməti, risk istiqaməti deyil)"
eur_azn,EUR/AZN rəsmi məzənnə,1.9048,2026-10-08,AZN,OxLon §15.5.1,2026,1.86645,0.03835,2.0547,0.103377,0.37097,OxLon EUR/AZN 80 % intervalı,normal,,"proqnoz fərziyyəsinə görə (OxLon §15.5.1, 2026); z = (son − fərziyyə) / σ (OxLon EUR/AZN 80 % intervalı)","ikitərəfli: |z| < 1 normal, 1–2 diqqət, ≥ 2 xəbərdarlıq (↑/↓ — sapmanın istiqaməti, risk istiqaməti deyil)"
rub_azn,RUB/AZN (pul köçürmələri kanalı) — illik dəyişmə,-3.68164,2026-10-08,%,tarixi orta illik dəyişmə,2026,5.20175,-8.88339,-170.777,25.9094,-0.342863,illik dəyişmələrin sd (102 ay),normal,səviyyə 0.01988,sabit istinada görə (tarixi orta illik dəyişmə; proqnoz fərziyyəsi yoxdur); z = (son − istinad) / σ (illik dəyişmələrin sd (102 ay)),"ikitərəfli: |z| < 1 normal, 1–2 diqqət, ≥ 2 xəbərdarlıq (↑/↓ — sapmanın istiqaməti, risk istiqaməti deyil)"
try_azn,TRY/AZN (ticarət tərəfdaşı) — illik dəyişmə,-15.4412,2026-10-08,%,tarixi orta illik dəyişmə,2026,-21.4866,6.04545,28.1359,23.5925,0.256244,illik dəyişmələrin sd (102 ay),normal,səviyyə 0.0345,sabit istinada görə (tarixi orta illik dəyişmə; proqnoz fərziyyəsi yoxdur); z = (son − istinad) / σ (illik dəyişmələrin sd (102 ay)),"ikitərəfli: |z| < 1 normal, 1–2 diqqət, ≥ 2 xəbərdarlıq (↑/↓ — sapmanın istiqaməti, risk istiqaməti deyil)"
cny_azn,CNY/AZN — illik dəyişmə,6.24214,2026-10-08,%,tarixi orta illik dəyişmə,2026,5.38462,0.857522,15.9254,17.7012,0.0484443,illik dəyişmələrin sd (102 ay),normal,səviyyə 0.2536,sabit istinada görə (tarixi orta illik dəyişmə; proqnoz fərziyyəsi yoxdur); z = (son − istinad) / σ (illik dəyişmələrin sd (102 ay)),"ikitərəfli: |z| < 1 normal, 1–2 diqqət, ≥ 2 xəbərdarlıq (↑/↓ — sapmanın istiqaməti, risk istiqaməti deyil)"
gbp_azn,GBP/AZN — illik dəyişmə,-1.3704,2026-10-08,%,tarixi orta illik dəyişmə,2026,4.68211,-6.05251,-129.269,15.5494,-0.389243,illik dəyişmələrin sd (102 ay),normal,səviyyə 2.245,sabit istinada görə (tarixi orta illik dəyişmə; proqnoz fərziyyəsi yoxdur); z = (son − istinad) / σ (illik dəyişmələrin sd (102 ay)),"ikitərəfli: |z| < 1 normal, 1–2 diqqət, ≥ 2 xəbərdarlıq (↑/↓ — sapmanın istiqaməti, risk istiqaməti deyil)"
xau_azn,Qızıl (XAU/AZN) — illik dəyişmə,2.67382,2026-10-08,%,tarixi orta illik dəyişmə,2026,25.4081,-22.7343,-89.4765,25.3782,-0.895818,illik dəyişmələrin sd (102 ay),normal,səviyyə 7026,sabit istinada görə (tarixi orta illik dəyişmə; proqnoz fərziyyəsi yoxdur); z = (son − istinad) / σ (illik dəyişmələrin sd (102 ay)),"ikitərəfli: |z| < 1 normal, 1–2 diqqət, ≥ 2 xəbərdarlıq (↑/↓ — sapmanın istiqaməti, risk istiqaməti deyil)"
policy_rate,AMB uçot dərəcəsi vs FR1 fərziyyəsi (2026),6.5,2026-02-05,%,MicroUnit FR1,2026,6.5,0,0,3.53421,0,illik dəyişmələrin sd (AMB tarixi),normal,2026 effektiv orta (YTD + cari) 6.524,"proqnoz fərziyyəsinə görə (MicroUnit FR1, 2026); z = (son − fərziyyə) / σ (illik dəyişmələrin sd (AMB tarixi))","ikitərəfli: |z| < 1 normal, 1–2 diqqət, ≥ 2 xəbərdarlıq (↑/↓ — sapmanın istiqaməti, risk istiqaməti deyil)"
policy_rate,AMB uçot dərəcəsi vs FR1 fərziyyəsi (2027),6.5,2026-02-05,%,MicroUnit FR1,2027,6.25,0.25,4,3.53421,0.0707372,illik dəyişmələrin sd (AMB tarixi),normal,2026 effektiv orta (YTD + cari) 6.524; dəhliz 5–7.5,"proqnoz fərziyyəsinə görə (MicroUnit FR1, 2027); z = (son − fərziyyə) / σ (illik dəyişmələrin sd (AMB tarixi))","ikitərəfli: |z| < 1 normal, 1–2 diqqət, ≥ 2 xəbərdarlıq (↑/↓ — sapmanın istiqaməti, risk istiqaməti deyil)"
bfb_mof_bond_spread,DQK (MN istiqrazı) orta gəlirlilik − uçot,0.4908,2026-10-06,f.b.,spred = 0 istinadı,2026,0,0.4908,,1,0.4908,1 f.b. şərti miqyas,normal,gəlirlilik 6.99 %,sabit istinada görə (spred = 0 istinadı; proqnoz fərziyyəsi yoxdur); z = (son − istinad) / σ (1 f.b. şərti miqyas),"ikitərəfli: |z| < 1 normal, 1–2 diqqət, ≥ 2 xəbərdarlıq (↑/↓ — sapmanın istiqaməti, risk istiqaməti deyil)"
bfb_cbar_note_spread,AMB notu orta gəlirlilik − uçot,0.01,2026-10-08,f.b.,spred = 0 istinadı,2026,0,0.01,,1,0.01,1 f.b. şərti miqyas,normal,gəlirlilik 6.51 %,sabit istinada görə (spred = 0 istinadı; proqnoz fərziyyəsi yoxdur); z = (son − istinad) / σ (1 f.b. şərti miqyas),"ikitərəfli: |z| < 1 normal, 1–2 diqqət, ≥ 2 xəbərdarlıq (↑/↓ — sapmanın istiqaməti, risk istiqaməti deyil)"
cpi_implied_annual,İQİ 2026 illik orta (Yanvar–8. ay + son ay saxlanılır),5.7,2026-08-01,%,OxLon §15.5.1,2026,5.2991,0.4009,7.56544,1.50281,0.266767,OxLon CPI h=1 RMSE × qalan il payı,normal,"Yanvar–ay orta 5.70, son ay illik 5.70","proqnoz fərziyyəsinə görə (OxLon §15.5.1, 2026); z = (son − fərziyyə) / σ (OxLon CPI h=1 RMSE × qalan il payı)","ikitərəfli: |z| < 1 normal, 1–2 diqqət, ≥ 2 xəbərdarlıq (↑/↓ — sapmanın istiqaməti, risk istiqaməti deyil)"
cpi_implied_annual,İQİ 2026 illik orta (Yanvar–8. ay + son ay saxlanılır),5.7,2026-08-01,%,MicroUnit FR1,2026,5.70025,-0.000250784,-0.00439953,1.50281,-0.000166877,OxLon CPI h=1 RMSE × qalan il payı,normal,"Yanvar–ay orta 5.70, son ay illik 5.70","proqnoz fərziyyəsinə görə (MicroUnit FR1, 2026); z = (son − fərziyyə) / σ (OxLon CPI h=1 RMSE × qalan il payı)","ikitərəfli: |z| < 1 normal, 1–2 diqqət, ≥ 2 xəbərdarlıq (↑/↓ — sapmanın istiqaməti, risk istiqaməti deyil)"
cpi_implied_annual,İQİ 2026 illik orta (Yanvar–8. ay + son ay saxlanılır),5.7,2026-08-01,%,Nazirlik CAEM,2026,4.79007,0.909928,18.9961,1.50281,0.605485,OxLon CPI h=1 RMSE × qalan il payı,normal,"Yanvar–ay orta 5.70, son ay illik 5.70","proqnoz fərziyyəsinə görə (Nazirlik CAEM, 2026); z = (son − fərziyyə) / σ (OxLon CPI h=1 RMSE × qalan il payı)","ikitərəfli: |z| < 1 normal, 1–2 diqqət, ≥ 2 xəbərdarlıq (↑/↓ — sapmanın istiqaməti, risk istiqaməti deyil)"
cpi_implied_annual,İQİ 2026 illik orta (Yanvar–8. ay + son ay saxlanılır),5.7,2026-08-01,%,BVF Art. IV,2026,6,-0.3,-5,1.50281,-0.199626,OxLon CPI h=1 RMSE × qalan il payı,normal,"Yanvar–ay orta 5.70, son ay illik 5.70","proqnoz fərziyyəsinə görə (BVF Art. IV, 2026); z = (son − fərziyyə) / σ (OxLon CPI h=1 RMSE × qalan il payı)","ikitərəfli: |z| < 1 normal, 1–2 diqqət, ≥ 2 xəbərdarlıq (↑/↓ — sapmanın istiqaməti, risk istiqaməti deyil)"
cpi_mm,İQİ aylıq dəyişmə vs OxLon illik yolunun aylıq ekvivalenti,0.2,2026-08-01,%,OxLon §15.5.1,2026,0.431216,-0.231216,-53.6195,1.01575,-0.227632,aylıq İQİ dəyişmələrinin sd (son 10 il),normal,,"proqnoz fərziyyəsinə görə (OxLon §15.5.1, 2026); z = (son − fərziyyə) / σ (aylıq İQİ dəyişmələrinin sd (son 10 il))","ikitərəfli: |z| < 1 normal, 1–2 diqqət, ≥ 2 xəbərdarlıq (↑/↓ — sapmanın istiqaməti, risk istiqaməti deyil)"
dsk_gdp_ytd_yoy,Real ÜDM artımı (Yanvar–ay),1.2,2026-08-01,%,OxLon §15.5.1,2026,3.77265,-2.57265,-68.1921,2.95339,-0.871084,OxLon h=1 RMSE (yoxdursa tarixi sd),normal,DSK Yanvar–8. ay; FR1 üçün 2026 illik 'nowcast',"proqnoz fərziyyəsinə görə (OxLon §15.5.1, 2026); z = (son − fərziyyə) / σ (OxLon h=1 RMSE (yoxdursa tarixi sd))","ikitərəfli: |z| < 1 normal, 1–2 diqqət, ≥ 2 xəbərdarlıq (↑/↓ — sapmanın istiqaməti, risk istiqaməti deyil)"
dsk_gdp_ytd_yoy,Real ÜDM artımı (Yanvar–ay),1.2,2026-08-01,%,MicroUnit FR1,2026,0.241571,0.958429,396.749,2.95339,0.324518,OxLon h=1 RMSE (yoxdursa tarixi sd),normal,DSK Yanvar–8. ay; FR1 üçün 2026 illik 'nowcast',"proqnoz fərziyyəsinə görə (MicroUnit FR1, 2026); z = (son − fərziyyə) / σ (OxLon h=1 RMSE (yoxdursa tarixi sd))","ikitərəfli: |z| < 1 normal, 1–2 diqqət, ≥ 2 xəbərdarlıq (↑/↓ — sapmanın istiqaməti, risk istiqaməti deyil)"
dsk_gdp_ytd_yoy,Real ÜDM artımı (Yanvar–ay),1.2,2026-08-01,%,Nazirlik CAEM,2026,2.92618,-1.72618,-58.9909,2.95339,-0.584473,OxLon h=1 RMSE (yoxdursa tarixi sd),normal,DSK Yanvar–8. ay; FR1 üçün 2026 illik 'nowcast',"proqnoz fərziyyəsinə görə (Nazirlik CAEM, 2026); z = (son − fərziyyə) / σ (OxLon h=1 RMSE (yoxdursa tarixi sd))","ikitərəfli: |z| < 1 normal, 1–2 diqqət, ≥ 2 xəbərdarlıq (↑/↓ — sapmanın istiqaməti, risk istiqaməti deyil)"
dsk_gdp_ytd_yoy,Real ÜDM artımı (Yanvar–ay),1.2,2026-08-01,%,Nazirlik Bottom-up,2026,2.48049,-1.28049,-51.6226,2.95339,-0.433567,OxLon h=1 RMSE (yoxdursa tarixi sd),normal,DSK Yanvar–8. ay; FR1 üçün 2026 illik 'nowcast',"proqnoz fərziyyəsinə görə (Nazirlik Bottom-up, 2026); z = (son − fərziyyə) / σ (OxLon h=1 RMSE (yoxdursa tarixi sd))","ikitərəfli: |z| < 1 normal, 1–2 diqqət, ≥ 2 xəbərdarlıq (↑/↓ — sapmanın istiqaməti, risk istiqaməti deyil)"
dsk_gdp_ytd_yoy,Real ÜDM artımı (Yanvar–ay),1.2,2026-08-01,%,BVF Art. IV,2026,2.2,-1,-45.4545,2.95339,-0.338594,OxLon h=1 RMSE (yoxdursa tarixi sd),normal,DSK Yanvar–8. ay; FR1 üçün 2026 illik 'nowcast',"proqnoz fərziyyəsinə görə (BVF Art. IV, 2026); z = (son − fərziyyə) / σ (OxLon h=1 RMSE (yoxdursa tarixi sd))","ikitərəfli: |z| < 1 normal, 1–2 diqqət, ≥ 2 xəbərdarlıq (↑/↓ — sapmanın istiqaməti, risk istiqaməti deyil)"
dsk_gdp_nonoil_ytd_yoy,Qeyri-neft ÜDM artımı (Yanvar–ay),2.1,2026-08-01,%,OxLon §15.5.1,2026,5.312,-3.212,-60.4669,2.74759,-1.16903,OxLon h=1 RMSE (yoxdursa tarixi sd),diqqət ↓,DSK Yanvar–8. ay; FR1 üçün 2026 illik 'nowcast',"proqnoz fərziyyəsinə görə (OxLon §15.5.1, 2026); z = (son − fərziyyə) / σ (OxLon h=1 RMSE (yoxdursa tarixi sd))","ikitərəfli: |z| < 1 normal, 1–2 diqqət, ≥ 2 xəbərdarlıq (↑/↓ — sapmanın istiqaməti, risk istiqaməti deyil)"
dsk_gdp_nonoil_ytd_yoy,Qeyri-neft ÜDM artımı (Yanvar–ay),2.1,2026-08-01,%,MicroUnit FR1,2026,0.661141,1.43886,217.632,2.74759,0.523681,OxLon h=1 RMSE (yoxdursa tarixi sd),normal,DSK Yanvar–8. ay; FR1 üçün 2026 illik 'nowcast',"proqnoz fərziyyəsinə görə (MicroUnit FR1, 2026); z = (son − fərziyyə) / σ (OxLon h=1 RMSE (yoxdursa tarixi sd))","ikitərəfli: |z| < 1 normal, 1–2 diqqət, ≥ 2 xəbərdarlıq (↑/↓ — sapmanın istiqaməti, risk istiqaməti deyil)"
dsk_gdp_nonoil_ytd_yoy,Qeyri-neft ÜDM artımı (Yanvar–ay),2.1,2026-08-01,%,Nazirlik CAEM,2026,5.00207,-2.90207,-58.0174,2.74759,-1.05623,OxLon h=1 RMSE (yoxdursa tarixi sd),diqqət ↓,DSK Yanvar–8. ay; FR1 üçün 2026 illik 'nowcast',"proqnoz fərziyyəsinə görə (Nazirlik CAEM, 2026); z = (son − fərziyyə) / σ (OxLon h=1 RMSE (yoxdursa tarixi sd))","ikitərəfli: |z| < 1 normal, 1–2 diqqət, ≥ 2 xəbərdarlıq (↑/↓ — sapmanın istiqaməti, risk istiqaməti deyil)"
dsk_gdp_nonoil_ytd_yoy,Qeyri-neft ÜDM artımı (Yanvar–ay),2.1,2026-08-01,%,Nazirlik Bottom-up,2026,4.41875,-2.31875,-52.4753,2.74759,-0.843923,OxLon h=1 RMSE (yoxdursa tarixi sd),normal,DSK Yanvar–8. ay; FR1 üçün 2026 illik 'nowcast',"proqnoz fərziyyəsinə görə (Nazirlik Bottom-up, 2026); z = (son − fərziyyə) / σ (OxLon h=1 RMSE (yoxdursa tarixi sd))","ikitərəfli: |z| < 1 normal, 1–2 diqqət, ≥ 2 xəbərdarlıq (↑/↓ — sapmanın istiqaməti, risk istiqaməti deyil)"
dsk_gdp_nonoil_ytd_yoy,Qeyri-neft ÜDM artımı (Yanvar–ay),2.1,2026-08-01,%,BVF Art. IV,2026,3.7,-1.6,-43.2432,2.74759,-0.582329,OxLon h=1 RMSE (yoxdursa tarixi sd),normal,DSK Yanvar–8. ay; FR1 üçün 2026 illik 'nowcast',"proqnoz fərziyyəsinə görə (BVF Art. IV, 2026); z = (son − fərziyyə) / σ (OxLon h=1 RMSE (yoxdursa tarixi sd))","ikitərəfli: |z| < 1 normal, 1–2 diqqət, ≥ 2 xəbərdarlıq (↑/↓ — sapmanın istiqaməti, risk istiqaməti deyil)"
dsk_gdp_oil_ytd_yoy,Neft-qaz ÜDM artımı (Yanvar–ay),-0.8,2026-08-01,%,OxLon §15.5.1,2026,-1.1604,0.360398,31.0581,1.83929,0.195944,OxLon h=1 RMSE (yoxdursa tarixi sd),normal,DSK Yanvar–8. ay; FR1 üçün 2026 illik 'nowcast',"proqnoz fərziyyəsinə görə (OxLon §15.5.1, 2026); z = (son − fərziyyə) / σ (OxLon h=1 RMSE (yoxdursa tarixi sd))","ikitərəfli: |z| < 1 normal, 1–2 diqqət, ≥ 2 xəbərdarlıq (↑/↓ — sapmanın istiqaməti, risk istiqaməti deyil)"
dsk_gdp_oil_ytd_yoy,Neft-qaz ÜDM artımı (Yanvar–ay),-0.8,2026-08-01,%,MicroUnit FR1,2026,-0.9,0.1,11.1111,1.83929,0.0543687,OxLon h=1 RMSE (yoxdursa tarixi sd),normal,DSK Yanvar–8. ay; FR1 üçün 2026 illik 'nowcast',"proqnoz fərziyyəsinə görə (MicroUnit FR1, 2026); z = (son − fərziyyə) / σ (OxLon h=1 RMSE (yoxdursa tarixi sd))","ikitərəfli: |z| < 1 normal, 1–2 diqqət, ≥ 2 xəbərdarlıq (↑/↓ — sapmanın istiqaməti, risk istiqaməti deyil)"
dsk_gdp_oil_ytd_yoy,Neft-qaz ÜDM artımı (Yanvar–ay),-0.8,2026-08-01,%,Nazirlik CAEM,2026,-2.40556,1.60556,66.7438,1.83929,0.872924,OxLon h=1 RMSE (yoxdursa tarixi sd),normal,DSK Yanvar–8. ay; FR1 üçün 2026 illik 'nowcast',"proqnoz fərziyyəsinə görə (Nazirlik CAEM, 2026); z = (son − fərziyyə) / σ (OxLon h=1 RMSE (yoxdursa tarixi sd))","ikitərəfli: |z| < 1 normal, 1–2 diqqət, ≥ 2 xəbərdarlıq (↑/↓ — sapmanın istiqaməti, risk istiqaməti deyil)"
dsk_gdp_oil_ytd_yoy,Neft-qaz ÜDM artımı (Yanvar–ay),-0.8,2026-08-01,%,Nazirlik Bottom-up,2026,-2.41386,1.61386,66.858,1.83929,0.877432,OxLon h=1 RMSE (yoxdursa tarixi sd),normal,DSK Yanvar–8. ay; FR1 üçün 2026 illik 'nowcast',"proqnoz fərziyyəsinə görə (Nazirlik Bottom-up, 2026); z = (son − fərziyyə) / σ (OxLon h=1 RMSE (yoxdursa tarixi sd))","ikitərəfli: |z| < 1 normal, 1–2 diqqət, ≥ 2 xəbərdarlıq (↑/↓ — sapmanın istiqaməti, risk istiqaməti deyil)"
dsk_q_gdp_real_yoy,Rüblük real ÜDM artımı (DSK 03qua),1.76972,2026-04-01,%,MicroUnit FR1,2026,0.241571,1.52815,632.59,2.95339,0.517423,OxLon h=1 RMSE,normal,,"proqnoz fərziyyəsinə görə (MicroUnit FR1, 2026); z = (son − fərziyyə) / σ (OxLon h=1 RMSE)","ikitərəfli: |z| < 1 normal, 1–2 diqqət, ≥ 2 xəbərdarlıq (↑/↓ — sapmanın istiqaməti, risk istiqaməti deyil)"
dsk_budget_rev_ytd_exec,Dövlət büdcəsi gəlirləri: icra (illik planın %-i),68.8229,2026-08-01,%,Nazirlik Bottom-up,2026,66.6667,2.15625,3.23438,5,0.43125,5 f.b. şərti miqyas (mövsümilik nəzərə alınmır),normal,Yanvar–8. ay 26 486 mln AZN; illik 38 485,"proqnoz fərziyyəsinə görə (Nazirlik Bottom-up, 2026); z = (son − fərziyyə) / σ (5 f.b. şərti miqyas (mövsümilik nəzərə alınmır))","ikitərəfli: |z| < 1 normal, 1–2 diqqət, ≥ 2 xəbərdarlıq (↑/↓ — sapmanın istiqaməti, risk istiqaməti deyil)"
dsk_budget_rev_ytd_exec,Dövlət büdcəsi gəlirləri: icra (illik planın %-i),69.6796,2026-08-01,%,Nazirlik CAEM,2026,66.6667,3.01291,4.51936,5,0.602582,5 f.b. şərti miqyas (mövsümilik nəzərə alınmır),normal,Yanvar–8. ay 26 486 mln AZN; illik 38 012,"proqnoz fərziyyəsinə görə (Nazirlik CAEM, 2026); z = (son − fərziyyə) / σ (5 f.b. şərti miqyas (mövsümilik nəzərə alınmır))","ikitərəfli: |z| < 1 normal, 1–2 diqqət, ≥ 2 xəbərdarlıq (↑/↓ — sapmanın istiqaməti, risk istiqaməti deyil)"
dsk_budget_rev_ytd_exec,Dövlət büdcəsi gəlirləri: icra (illik planın %-i),65.8981,2026-08-01,%,MicroUnit FR1,2026,66.6667,-0.768579,-1.15287,5,-0.153716,5 f.b. şərti miqyas (mövsümilik nəzərə alınmır),normal,Yanvar–8. ay 26 486 mln AZN; illik 40 193,"proqnoz fərziyyəsinə görə (MicroUnit FR1, 2026); z = (son − fərziyyə) / σ (5 f.b. şərti miqyas (mövsümilik nəzərə alınmır))","ikitərəfli: |z| < 1 normal, 1–2 diqqət, ≥ 2 xəbərdarlıq (↑/↓ — sapmanın istiqaməti, risk istiqaməti deyil)"
dsk_budget_exp_ytd_exec,Dövlət büdcəsi xərcləri: icra (illik planın %-i),54.8326,2026-08-01,%,Nazirlik Bottom-up,2026,66.6667,-11.834,-17.751,5,-2.3668,5 f.b. şərti miqyas (mövsümilik nəzərə alınmır),xəbərdarlıq ↓,Yanvar–8. ay 22 771 mln AZN; illik 41 527,"proqnoz fərziyyəsinə görə (Nazirlik Bottom-up, 2026); z = (son − fərziyyə) / σ (5 f.b. şərti miqyas (mövsümilik nəzərə alınmır))","ikitərəfli: |z| < 1 normal, 1–2 diqqət, ≥ 2 xəbərdarlıq (↑/↓ — sapmanın istiqaməti, risk istiqaməti deyil)"
dsk_budget_exp_ytd_exec,Dövlət büdcəsi xərcləri: icra (illik planın %-i),54.8326,2026-08-01,%,Nazirlik CAEM,2026,66.6667,-11.8341,-17.7511,5,-2.36682,5 f.b. şərti miqyas (mövsümilik nəzərə alınmır),xəbərdarlıq ↓,Yanvar–8. ay 22 771 mln AZN; illik 41 528,"proqnoz fərziyyəsinə görə (Nazirlik CAEM, 2026); z = (son − fərziyyə) / σ (5 f.b. şərti miqyas (mövsümilik nəzərə alınmır))","ikitərəfli: |z| < 1 normal, 1–2 diqqət, ≥ 2 xəbərdarlıq (↑/↓ — sapmanın istiqaməti, risk istiqaməti deyil)"
dsk_budget_exp_ytd_exec,Dövlət büdcəsi xərcləri: icra (illik planın %-i),57.9306,2026-08-01,%,MicroUnit FR1,2026,66.6667,-8.73602,-13.104,5,-1.7472,5 f.b. şərti miqyas (mövsümilik nəzərə alınmır),diqqət ↓,Yanvar–8. ay 22 771 mln AZN; illik 39 307,"proqnoz fərziyyəsinə görə (MicroUnit FR1, 2026); z = (son − fərziyyə) / σ (5 f.b. şərti miqyas (mövsümilik nəzərə alınmır))","ikitərəfli: |z| < 1 normal, 1–2 diqqət, ≥ 2 xəbərdarlıq (↑/↓ — sapmanın istiqaməti, risk istiqaməti deyil)"
dsk_budget_bal_ytd,Dövlət büdcəsinin balansı (Yanvar–ay) vs illik fərziyyə,3715.9,2026-08-01,mln AZN,Nazirlik Bottom-up,2026,-3042.45,6758.35,222.135,1500,4.50557,1 500 mln AZN şərti miqyas,xəbərdarlıq ↑,,"proqnoz fərziyyəsinə görə (Nazirlik Bottom-up, 2026); z = (son − fərziyyə) / σ (1 500 mln AZN şərti miqyas)","ikitərəfli: |z| < 1 normal, 1–2 diqqət, ≥ 2 xəbərdarlıq (↑/↓ — sapmanın istiqaməti, risk istiqaməti deyil)"
dsk_budget_bal_ytd,Dövlət büdcəsinin balansı (Yanvar–ay) vs illik fərziyyə,3715.9,2026-08-01,mln AZN,MicroUnit FR1,2026,886.466,2829.43,319.181,1500,1.88629,1 500 mln AZN şərti miqyas,diqqət ↑,,"proqnoz fərziyyəsinə görə (MicroUnit FR1, 2026); z = (son − fərziyyə) / σ (1 500 mln AZN şərti miqyas)","ikitərəfli: |z| < 1 normal, 1–2 diqqət, ≥ 2 xəbərdarlıq (↑/↓ — sapmanın istiqaməti, risk istiqaməti deyil)"
sofaz_assets,ARDNF aktivləri vs Nazirlik ilsonu fərziyyəsi,72596.6,2026-06-30,mln USD,Nazirlik Bottom-up,2026,59124,13472.6,22.7871,2956.2,4.55742,5 % şərti miqyas,xəbərdarlıq ↑,,"proqnoz fərziyyəsinə görə (Nazirlik Bottom-up, 2026); z = (son − fərziyyə) / σ (5 % şərti miqyas)","ikitərəfli: |z| < 1 normal, 1–2 diqqət, ≥ 2 xəbərdarlıq (↑/↓ — sapmanın istiqaməti, risk istiqaməti deyil)"
strategic_reserves_yoy,Strateji valyuta ehtiyatları: illik artım,15.7,2026-08-01,%,sıfır istinadı,2026,0,15.7,,10,1.57,10 % şərti miqyas,diqqət ↑,səviyyə 90 769.7 mln USD,sabit istinada görə (sıfır istinadı; proqnoz fərziyyəsi yoxdur); z = (son − istinad) / σ (10 % şərti miqyas),"ikitərəfli: |z| < 1 normal, 1–2 diqqət, ≥ 2 xəbərdarlıq (↑/↓ — sapmanın istiqaməti, risk istiqaməti deyil)"
vix,VIX (qlobal risk iştahı),15.01,2026-10-06,,son 10 ilin ortası,2026,18.6273,-3.61731,-19.4194,7.24951,-0.498972,son 10 ilin sd,normal,,sabit istinada görə (son 10 ilin ortası; proqnoz fərziyyəsi yoxdur); z = (son − istinad) / σ (son 10 ilin sd),"ikitərəfli: |z| < 1 normal, 1–2 diqqət, ≥ 2 xəbərdarlıq (↑/↓ — sapmanın istiqaməti, risk istiqaməti deyil)"
ust10,ABŞ 10 illik gəlirlilik,5.27,2026-10-06,,son 10 ilin ortası,2026,2.90513,2.36487,81.4035,1.23006,1.92257,son 10 ilin sd,diqqət ↑,,sabit istinada görə (son 10 ilin ortası; proqnoz fərziyyəsi yoxdur); z = (son − istinad) / σ (son 10 ilin sd),"ikitərəfli: |z| < 1 normal, 1–2 diqqət, ≥ 2 xəbərdarlıq (↑/↓ — sapmanın istiqaməti, risk istiqaməti deyil)"
gpr_gpr_global,Geosiyasi risk (GPR qlobal),146.21,2026-09-01,,son 10 ilin ortası,2026,117.753,28.4574,24.1671,44.7722,0.635604,son 10 ilin sd,normal,,sabit istinada görə (son 10 ilin ortası; proqnoz fərziyyəsi yoxdur); z = (son − istinad) / σ (son 10 ilin sd),"ikitərəfli: |z| < 1 normal, 1–2 diqqət, ≥ 2 xəbərdarlıq (↑/↓ — sapmanın istiqaməti, risk istiqaməti deyil)"
gpr_gpr_rus,Geosiyasi risk (Rusiya),1.4762,2026-09-01,,son 10 ilin ortası,2026,1.46214,0.0140602,0.961616,1.06023,0.0132615,son 10 ilin sd,normal,,sabit istinada görə (son 10 ilin ortası; proqnoz fərziyyəsi yoxdur); z = (son − istinad) / σ (son 10 ilin sd),"ikitərəfli: |z| < 1 normal, 1–2 diqqət, ≥ 2 xəbərdarlıq (↑/↓ — sapmanın istiqaməti, risk istiqaməti deyil)"
epu,Qlobal siyasət qeyri-müəyyənliyi (EPU),241.69,2026-07-01,,son 10 ilin ortası,2026,243.866,-2.17565,-0.892149,83.7434,-0.02598,son 10 ilin sd,normal,,sabit istinada görə (son 10 ilin ortası; proqnoz fərziyyəsi yoxdur); z = (son − istinad) / σ (son 10 ilin sd),"ikitərəfli: |z| < 1 normal, 1–2 diqqət, ≥ 2 xəbərdarlıq (↑/↓ — sapmanın istiqaməti, risk istiqaməti deyil)"
minwage,Minimum aylıq əmək haqqı (qanuni) vs FR1 fərziyyəsi (2026),400,2025-01-01,AZN,MicroUnit FR1,2026,400,0,0,89.7315,0,minimum əmək haqqının illik artımının sd (2010-dan) × fərziyyə,normal,qüvvədə olan səviyyə 400 AZN (2025-01-01; DSK table 004_1); il ortası,"proqnoz fərziyyəsinə görə (MicroUnit FR1, 2026); z = (son − fərziyyə) / σ (minimum əmək haqqının illik artımının sd (2010-dan) × fərziyyə)","ikitərəfli: |z| < 1 normal, 1–2 diqqət, ≥ 2 xəbərdarlıq (↑/↓ — sapmanın istiqaməti, risk istiqaməti deyil)"
minwage,Minimum aylıq əmək haqqı (qanuni) vs FR1 fərziyyəsi (2027),400,2025-01-01,AZN,MicroUnit FR1,2027,424,-24,-5.66038,95.1154,-0.252325,minimum əmək haqqının illik artımının sd (2010-dan) × fərziyyə,normal,qüvvədə olan səviyyə 400 AZN (2025-01-01; DSK table 004_1); yeni qərar olmadıqda səviyyə saxlanılır,"proqnoz fərziyyəsinə görə (MicroUnit FR1, 2027); z = (son − fərziyyə) / σ (minimum əmək haqqının illik artımının sd (2010-dan) × fərziyyə)","ikitərəfli: |z| < 1 normal, 1–2 diqqət, ≥ 2 xəbərdarlıq (↑/↓ — sapmanın istiqaməti, risk istiqaməti deyil)"
