qeyd_utc,as_of,tedbir_id,status,muddet,mesul,evvelki_status
2026-10-02T11:50:50Z,2026-10-02,T01,təklif,2026-12-31,Maliyyə Nazirliyi,
2026-10-02T11:50:50Z,2026-10-02,T02,təklif,2027-03-31,ARDNF; Maliyyə Nazirliyi,
2026-10-02T11:50:50Z,2026-10-02,T03,icrada,2026-10-02,İqtisadiyyat Nazirliyi (risk bölməsi),
2026-10-02T11:50:50Z,2026-10-02,T04,təklif,2027-06-30,Mərkəzi Bank (AMB),
2026-10-02T11:50:50Z,2026-10-02,T05,təklif,2026-12-31,Mərkəzi Bank (AMB); İqtisadiyyat Nazirliyi,
2026-10-02T11:50:50Z,2026-10-02,T06,təklif,2027-06-30,Mərkəzi Bank (AMB); Əmək və Əhalinin Sosial Müdafiəsi Nazirliyi,
2026-10-02T11:50:50Z,2026-10-02,T07,təklif,2026-12-31,İqtisadiyyat Nazirliyi; Mərkəzi Bank (AMB),
2026-10-02T11:50:50Z,2026-10-02,T08,təklif,2028-12-31,İqtisadiyyat Nazirliyi; AZPROMO,
2026-10-02T11:50:50Z,2026-10-02,T09,təklif,2027-06-30,Maliyyə Nazirliyi; İqtisadiyyat Nazirliyi,
2026-10-02T11:50:50Z,2026-10-02,T10,təklif,2027-06-30,Rəqəmsal İnkişaf və Nəqliyyat Nazirliyi; İqtisadiyyat Nazirliyi,
2026-10-02T11:50:50Z,2026-10-02,T11,icrada,2026-10-02,İqtisadiyyat Nazirliyi (risk bölməsi),
2026-10-02T11:50:50Z,2026-10-02,T12,təklif,2027-12-31,Mərkəzi Bank (AMB); Dövlət Miqrasiya Xidməti,
2026-10-02T11:50:50Z,2026-10-02,T13,təklif,2027-12-31,Maliyyə Nazirliyi; Fövqəladə Hallar Nazirliyi,
2026-10-02T11:50:50Z,2026-10-02,T14,təklif,2026-12-31,İqtisadiyyat Nazirliyi; Fövqəladə Hallar Nazirliyi,
2026-10-02T11:50:50Z,2026-10-02,T15,təklif,2029-12-31,Kənd Təsərrüfatı Nazirliyi; Azərbaycan Meliorasiya və Su Təsərrüfatı ASC,
2026-10-02T11:50:50Z,2026-10-02,T16,təklif,2027-12-31,Aqrar Sığorta Fondu; Kənd Təsərrüfatı Nazirliyi,
2026-10-02T11:50:50Z,2026-10-02,T17,təklif,2027-03-31,Ekologiya və Təbii Sərvətlər Nazirliyi; İqtisadiyyat Nazirliyi,
2026-10-02T11:50:50Z,2026-10-02,T18,təklif,2027-03-31,Maliyyə Nazirliyi,
2026-10-02T11:50:50Z,2026-10-02,T19,təklif,2026-12-31,Mərkəzi Bank (AMB),
2026-10-02T11:50:50Z,2026-10-02,T20,icrada,2026-12-31,İqtisadiyyat Nazirliyi (risk bölməsi),
2026-10-02T11:50:50Z,2026-10-02,T21,təklif,2027-12-31,İqtisadiyyat Nazirliyi; Energetika Nazirliyi,
2026-10-02T11:50:50Z,2026-10-02,T22,təklif,2027-06-30,İqtisadiyyat Nazirliyi; KOBİA,
2026-10-02T11:50:50Z,2026-10-02,T23,təklif,2027-03-31,Rəqabətin Mühafizəsi Agentliyi,
2026-10-06T01:38:58Z,2026-10-06,T24,təklif,2027-12-31,Kənd Təsərrüfatı Nazirliyi; İqtisadiyyat Nazirliyi,
2026-10-06T01:38:58Z,2026-10-06,T25,təklif,2027-06-30,Nazirlər Kabineti; İqtisadiyyat Nazirliyi; Dövlət Gömrük Komitəsi,
2026-10-06T01:38:58Z,2026-10-06,T26,təklif,2027-12-31,Maliyyə Nazirliyi; ARDNF,
2026-10-06T01:38:58Z,2026-10-06,T27,təklif,2027-06-30,ARDNF,
2026-10-06T01:38:58Z,2026-10-06,T28,təklif,2027-12-31,Maliyyə Nazirliyi; Milli Məclis,
2026-10-06T01:38:58Z,2026-10-06,T29,təklif,2027-03-31,Maliyyə Nazirliyi,
2026-10-06T01:38:58Z,2026-10-06,T30,təklif,2027-03-31,İqtisadiyyat Nazirliyi (risk bölməsi); Maliyyə Nazirliyi,
